id,sport_type_name,home_team_id,away_team_id,location_id,start_date_time,start_date,sold_out
1,baseball,1,11,5,2019-04-07 00:00:00.000000,2019-04-07,0
11,baseball,1,21,5,2019-04-14 00:00:00.000000,2019-04-14,0
21,baseball,1,31,5,2019-04-21 00:00:00.000000,2019-04-21,0
31,baseball,1,41,5,2019-04-28 00:00:00.000000,2019-04-28,0
41,baseball,1,51,5,2019-05-05 00:00:00.000000,2019-05-05,0
51,baseball,1,61,5,2019-05-12 00:00:00.000000,2019-05-12,0
61,baseball,1,71,5,2019-05-19 00:00:00.000000,2019-05-19,0
71,baseball,1,81,5,2019-05-26 00:00:00.000000,2019-05-26,0
81,baseball,1,91,5,2019-06-02 00:00:00.000000,2019-06-02,0
91,baseball,1,101,5,2019-06-09 00:00:00.000000,2019-06-09,0
101,baseball,1,111,5,2019-06-16 00:00:00.000000,2019-06-16,0
111,baseball,1,121,5,2019-06-23 00:00:00.000000,2019-06-23,0
121,baseball,1,131,5,2019-06-30 00:00:00.000000,2019-06-30,0
131,baseball,1,141,5,2019-07-07 00:00:00.000000,2019-07-07,0
141,baseball,1,151,5,2019-07-14 00:00:00.000000,2019-07-14,0
151,baseball,1,161,5,2019-07-21 00:00:00.000000,2019-07-21,0
161,baseball,1,171,5,2019-07-28 00:00:00.000000,2019-07-28,0
171,baseball,1,181,5,2019-08-04 00:00:00.000000,2019-08-04,0
181,baseball,1,191,5,2019-08-11 00:00:00.000000,2019-08-11,0
191,baseball,1,201,5,2019-08-18 00:00:00.000000,2019-08-18,0
201,baseball,1,211,5,2019-08-25 00:00:00.000000,2019-08-25,0
211,baseball,1,221,5,2019-09-01 00:00:00.000000,2019-09-01,0
221,baseball,1,231,5,2019-09-08 00:00:00.000000,2019-09-08,0
231,baseball,1,241,5,2019-09-15 00:00:00.000000,2019-09-15,0
241,baseball,1,251,5,2019-09-22 00:00:00.000000,2019-09-22,0
251,baseball,1,261,5,2019-09-29 00:00:00.000000,2019-09-29,0
261,baseball,1,271,5,2019-10-06 00:00:00.000000,2019-10-06,0
271,baseball,1,281,5,2019-10-13 00:00:00.000000,2019-10-13,0
281,baseball,1,291,5,2019-10-20 00:00:00.000000,2019-10-20,0
291,baseball,11,21,7,2019-04-07 00:00:00.000000,2019-04-07,0
301,baseball,11,31,7,2019-04-14 00:00:00.000000,2019-04-14,0
311,baseball,11,41,7,2019-04-21 00:00:00.000000,2019-04-21,0
321,baseball,11,51,7,2019-04-28 00:00:00.000000,2019-04-28,0
331,baseball,11,61,7,2019-05-05 00:00:00.000000,2019-05-05,0
341,baseball,11,71,7,2019-05-12 00:00:00.000000,2019-05-12,0
351,baseball,11,81,7,2019-05-19 00:00:00.000000,2019-05-19,0
361,baseball,11,91,7,2019-05-26 00:00:00.000000,2019-05-26,0
371,baseball,11,101,7,2019-06-02 00:00:00.000000,2019-06-02,0
381,baseball,11,111,7,2019-06-09 00:00:00.000000,2019-06-09,0
391,baseball,11,121,7,2019-06-16 00:00:00.000000,2019-06-16,0
401,baseball,11,131,7,2019-06-23 00:00:00.000000,2019-06-23,0
411,baseball,11,141,7,2019-06-30 00:00:00.000000,2019-06-30,0
421,baseball,11,151,7,2019-07-07 00:00:00.000000,2019-07-07,0
431,baseball,11,161,7,2019-07-14 00:00:00.000000,2019-07-14,0
441,baseball,11,171,7,2019-07-21 00:00:00.000000,2019-07-21,0
451,baseball,11,181,7,2019-07-28 00:00:00.000000,2019-07-28,0
461,baseball,11,191,7,2019-08-04 00:00:00.000000,2019-08-04,0
471,baseball,11,201,7,2019-08-11 00:00:00.000000,2019-08-11,0
481,baseball,11,211,7,2019-08-18 00:00:00.000000,2019-08-18,0
491,baseball,11,221,7,2019-08-25 00:00:00.000000,2019-08-25,0
501,baseball,11,231,7,2019-09-01 00:00:00.000000,2019-09-01,0
511,baseball,11,241,7,2019-09-08 00:00:00.000000,2019-09-08,0
521,baseball,11,251,7,2019-09-15 00:00:00.000000,2019-09-15,0
531,baseball,11,261,7,2019-09-22 00:00:00.000000,2019-09-22,0
541,baseball,11,271,7,2019-09-29 00:00:00.000000,2019-09-29,0
551,baseball,11,281,7,2019-10-06 00:00:00.000000,2019-10-06,0
561,baseball,11,291,7,2019-10-13 00:00:00.000000,2019-10-13,0
571,baseball,11,1,7,2019-10-27 00:00:00.000000,2019-10-27,0
581,baseball,21,31,27,2019-04-07 00:00:00.000000,2019-04-07,0
591,baseball,21,41,27,2019-04-14 00:00:00.000000,2019-04-14,0
601,baseball,21,51,27,2019-04-21 00:00:00.000000,2019-04-21,0
611,baseball,21,61,27,2019-04-28 00:00:00.000000,2019-04-28,0
621,baseball,21,71,27,2019-05-05 00:00:00.000000,2019-05-05,0
631,baseball,21,81,27,2019-05-12 00:00:00.000000,2019-05-12,0
641,baseball,21,91,27,2019-05-19 00:00:00.000000,2019-05-19,0
651,baseball,21,101,27,2019-05-26 00:00:00.000000,2019-05-26,0
661,baseball,21,111,27,2019-06-02 00:00:00.000000,2019-06-02,0
671,baseball,21,121,27,2019-06-09 00:00:00.000000,2019-06-09,0
681,baseball,21,131,27,2019-06-16 00:00:00.000000,2019-06-16,0
691,baseball,21,141,27,2019-06-23 00:00:00.000000,2019-06-23,0
701,baseball,21,151,27,2019-06-30 00:00:00.000000,2019-06-30,0
711,baseball,21,161,27,2019-07-07 00:00:00.000000,2019-07-07,0
721,baseball,21,171,27,2019-07-14 00:00:00.000000,2019-07-14,0
731,baseball,21,181,27,2019-07-21 00:00:00.000000,2019-07-21,0
741,baseball,21,191,27,2019-07-28 00:00:00.000000,2019-07-28,0
751,baseball,21,201,27,2019-08-04 00:00:00.000000,2019-08-04,0
761,baseball,21,211,27,2019-08-11 00:00:00.000000,2019-08-11,0
771,baseball,21,221,27,2019-08-18 00:00:00.000000,2019-08-18,0
781,baseball,21,231,27,2019-08-25 00:00:00.000000,2019-08-25,0
791,baseball,21,241,27,2019-09-01 00:00:00.000000,2019-09-01,0
801,baseball,21,251,27,2019-09-08 00:00:00.000000,2019-09-08,0
811,baseball,21,261,27,2019-09-15 00:00:00.000000,2019-09-15,0
821,baseball,21,271,27,2019-09-22 00:00:00.000000,2019-09-22,0
831,baseball,21,281,27,2019-09-29 00:00:00.000000,2019-09-29,0
841,baseball,21,291,27,2019-10-06 00:00:00.000000,2019-10-06,0
851,baseball,21,1,27,2019-10-20 00:00:00.000000,2019-10-20,0
861,baseball,21,11,27,2019-10-27 00:00:00.000000,2019-10-27,0
871,baseball,31,41,25,2019-04-07 00:00:00.000000,2019-04-07,0
881,baseball,31,51,25,2019-04-14 00:00:00.000000,2019-04-14,0
891,baseball,31,61,25,2019-04-21 00:00:00.000000,2019-04-21,0
901,baseball,31,71,25,2019-04-28 00:00:00.000000,2019-04-28,0
911,baseball,31,81,25,2019-05-05 00:00:00.000000,2019-05-05,0
921,baseball,31,91,25,2019-05-12 00:00:00.000000,2019-05-12,0
931,baseball,31,101,25,2019-05-19 00:00:00.000000,2019-05-19,0
941,baseball,31,111,25,2019-05-26 00:00:00.000000,2019-05-26,0
951,baseball,31,121,25,2019-06-02 00:00:00.000000,2019-06-02,0
961,baseball,31,131,25,2019-06-09 00:00:00.000000,2019-06-09,0
971,baseball,31,141,25,2019-06-16 00:00:00.000000,2019-06-16,0
981,baseball,31,151,25,2019-06-23 00:00:00.000000,2019-06-23,0
991,baseball,31,161,25,2019-06-30 00:00:00.000000,2019-06-30,0
1001,baseball,31,171,25,2019-07-07 00:00:00.000000,2019-07-07,0
1011,baseball,31,181,25,2019-07-14 00:00:00.000000,2019-07-14,0
1021,baseball,31,191,25,2019-07-21 00:00:00.000000,2019-07-21,0
1031,baseball,31,201,25,2019-07-28 00:00:00.000000,2019-07-28,0
1041,baseball,31,211,25,2019-08-04 00:00:00.000000,2019-08-04,0
1051,baseball,31,221,25,2019-08-11 00:00:00.000000,2019-08-11,0
1061,baseball,31,231,25,2019-08-18 00:00:00.000000,2019-08-18,0
1071,baseball,31,241,25,2019-08-25 00:00:00.000000,2019-08-25,0
1081,baseball,31,251,25,2019-09-01 00:00:00.000000,2019-09-01,0
1091,baseball,31,261,25,2019-09-08 00:00:00.000000,2019-09-08,0
1101,baseball,31,271,25,2019-09-15 00:00:00.000000,2019-09-15,0
1111,baseball,31,281,25,2019-09-22 00:00:00.000000,2019-09-22,0
1121,baseball,31,291,25,2019-09-29 00:00:00.000000,2019-09-29,0
1131,baseball,31,1,25,2019-10-13 00:00:00.000000,2019-10-13,0
1141,baseball,31,11,25,2019-10-20 00:00:00.000000,2019-10-20,0
1151,baseball,31,21,25,2019-10-27 00:00:00.000000,2019-10-27,0
1161,baseball,41,51,9,2019-04-07 00:00:00.000000,2019-04-07,0
1171,baseball,41,61,9,2019-04-14 00:00:00.000000,2019-04-14,0
1181,baseball,41,71,9,2019-04-21 00:00:00.000000,2019-04-21,0
1191,baseball,41,81,9,2019-04-28 00:00:00.000000,2019-04-28,0
1201,baseball,41,91,9,2019-05-05 00:00:00.000000,2019-05-05,0
1211,baseball,41,101,9,2019-05-12 00:00:00.000000,2019-05-12,0
1221,baseball,41,111,9,2019-05-19 00:00:00.000000,2019-05-19,0
1231,baseball,41,121,9,2019-05-26 00:00:00.000000,2019-05-26,0
1241,baseball,41,131,9,2019-06-02 00:00:00.000000,2019-06-02,0
1251,baseball,41,141,9,2019-06-09 00:00:00.000000,2019-06-09,0
1261,baseball,41,151,9,2019-06-16 00:00:00.000000,2019-06-16,0
1271,baseball,41,161,9,2019-06-23 00:00:00.000000,2019-06-23,0
1281,baseball,41,171,9,2019-06-30 00:00:00.000000,2019-06-30,0
1291,baseball,41,181,9,2019-07-07 00:00:00.000000,2019-07-07,0
1301,baseball,41,191,9,2019-07-14 00:00:00.000000,2019-07-14,0
1311,baseball,41,201,9,2019-07-21 00:00:00.000000,2019-07-21,0
1321,baseball,41,211,9,2019-07-28 00:00:00.000000,2019-07-28,0
1331,baseball,41,221,9,2019-08-04 00:00:00.000000,2019-08-04,0
1341,baseball,41,231,9,2019-08-11 00:00:00.000000,2019-08-11,0
1351,baseball,41,241,9,2019-08-18 00:00:00.000000,2019-08-18,0
1361,baseball,41,251,9,2019-08-25 00:00:00.000000,2019-08-25,0
1371,baseball,41,261,9,2019-09-01 00:00:00.000000,2019-09-01,0
1381,baseball,41,271,9,2019-09-08 00:00:00.000000,2019-09-08,0
1391,baseball,41,281,9,2019-09-15 00:00:00.000000,2019-09-15,0
1401,baseball,41,291,9,2019-09-22 00:00:00.000000,2019-09-22,0
1411,baseball,41,1,9,2019-10-06 00:00:00.000000,2019-10-06,0
1421,baseball,41,11,9,2019-10-13 00:00:00.000000,2019-10-13,0
1431,baseball,41,21,9,2019-10-20 00:00:00.000000,2019-10-20,0
1441,baseball,41,31,9,2019-10-27 00:00:00.000000,2019-10-27,0
1451,baseball,51,61,13,2019-04-07 00:00:00.000000,2019-04-07,0
1461,baseball,51,71,13,2019-04-14 00:00:00.000000,2019-04-14,0
1471,baseball,51,81,13,2019-04-21 00:00:00.000000,2019-04-21,0
1481,baseball,51,91,13,2019-04-28 00:00:00.000000,2019-04-28,0
1491,baseball,51,101,13,2019-05-05 00:00:00.000000,2019-05-05,0
1501,baseball,51,111,13,2019-05-12 00:00:00.000000,2019-05-12,0
1511,baseball,51,121,13,2019-05-19 00:00:00.000000,2019-05-19,0
1521,baseball,51,131,13,2019-05-26 00:00:00.000000,2019-05-26,0
1531,baseball,51,141,13,2019-06-02 00:00:00.000000,2019-06-02,0
1541,baseball,51,151,13,2019-06-09 00:00:00.000000,2019-06-09,0
1551,baseball,51,161,13,2019-06-16 00:00:00.000000,2019-06-16,0
1561,baseball,51,171,13,2019-06-23 00:00:00.000000,2019-06-23,0
1571,baseball,51,181,13,2019-06-30 00:00:00.000000,2019-06-30,0
1581,baseball,51,191,13,2019-07-07 00:00:00.000000,2019-07-07,0
1591,baseball,51,201,13,2019-07-14 00:00:00.000000,2019-07-14,0
1601,baseball,51,211,13,2019-07-21 00:00:00.000000,2019-07-21,0
1611,baseball,51,221,13,2019-07-28 00:00:00.000000,2019-07-28,0
1621,baseball,51,231,13,2019-08-04 00:00:00.000000,2019-08-04,0
1631,baseball,51,241,13,2019-08-11 00:00:00.000000,2019-08-11,0
1641,baseball,51,251,13,2019-08-18 00:00:00.000000,2019-08-18,0
1651,baseball,51,261,13,2019-08-25 00:00:00.000000,2019-08-25,0
1661,baseball,51,271,13,2019-09-01 00:00:00.000000,2019-09-01,0
1671,baseball,51,281,13,2019-09-08 00:00:00.000000,2019-09-08,0
1681,baseball,51,291,13,2019-09-15 00:00:00.000000,2019-09-15,0
1691,baseball,51,1,13,2019-09-29 00:00:00.000000,2019-09-29,0
1701,baseball,51,11,13,2019-10-06 00:00:00.000000,2019-10-06,0
1711,baseball,51,21,13,2019-10-13 00:00:00.000000,2019-10-13,0
1721,baseball,51,31,13,2019-10-20 00:00:00.000000,2019-10-20,0
1731,baseball,51,41,13,2019-10-27 00:00:00.000000,2019-10-27,0
1741,baseball,61,71,8,2019-04-07 00:00:00.000000,2019-04-07,0
1751,baseball,61,81,8,2019-04-14 00:00:00.000000,2019-04-14,0
1761,baseball,61,91,8,2019-04-21 00:00:00.000000,2019-04-21,0
1771,baseball,61,101,8,2019-04-28 00:00:00.000000,2019-04-28,0
1781,baseball,61,111,8,2019-05-05 00:00:00.000000,2019-05-05,0
1791,baseball,61,121,8,2019-05-12 00:00:00.000000,2019-05-12,0
1801,baseball,61,131,8,2019-05-19 00:00:00.000000,2019-05-19,0
1811,baseball,61,141,8,2019-05-26 00:00:00.000000,2019-05-26,0
1821,baseball,61,151,8,2019-06-02 00:00:00.000000,2019-06-02,0
1831,baseball,61,161,8,2019-06-09 00:00:00.000000,2019-06-09,0
1841,baseball,61,171,8,2019-06-16 00:00:00.000000,2019-06-16,0
1851,baseball,61,181,8,2019-06-23 00:00:00.000000,2019-06-23,0
1861,baseball,61,191,8,2019-06-30 00:00:00.000000,2019-06-30,0
1871,baseball,61,201,8,2019-07-07 00:00:00.000000,2019-07-07,0
1881,baseball,61,211,8,2019-07-14 00:00:00.000000,2019-07-14,0
1891,baseball,61,221,8,2019-07-21 00:00:00.000000,2019-07-21,0
1901,baseball,61,231,8,2019-07-28 00:00:00.000000,2019-07-28,0
1911,baseball,61,241,8,2019-08-04 00:00:00.000000,2019-08-04,0
1921,baseball,61,251,8,2019-08-11 00:00:00.000000,2019-08-11,0
1931,baseball,61,261,8,2019-08-18 00:00:00.000000,2019-08-18,0
1941,baseball,61,271,8,2019-08-25 00:00:00.000000,2019-08-25,0
1951,baseball,61,281,8,2019-09-01 00:00:00.000000,2019-09-01,0
1961,baseball,61,291,8,2019-09-08 00:00:00.000000,2019-09-08,0
1971,baseball,61,1,8,2019-09-22 00:00:00.000000,2019-09-22,0
1981,baseball,61,11,8,2019-09-29 00:00:00.000000,2019-09-29,0
1991,baseball,61,21,8,2019-10-06 00:00:00.000000,2019-10-06,0
2001,baseball,61,31,8,2019-10-13 00:00:00.000000,2019-10-13,0
2011,baseball,61,41,8,2019-10-20 00:00:00.000000,2019-10-20,0
2021,baseball,61,51,8,2019-10-27 00:00:00.000000,2019-10-27,0
2031,baseball,71,81,3,2019-04-07 00:00:00.000000,2019-04-07,0
2041,baseball,71,91,3,2019-04-14 00:00:00.000000,2019-04-14,0
2051,baseball,71,101,3,2019-04-21 00:00:00.000000,2019-04-21,0
2061,baseball,71,111,3,2019-04-28 00:00:00.000000,2019-04-28,0
2071,baseball,71,121,3,2019-05-05 00:00:00.000000,2019-05-05,0
2081,baseball,71,131,3,2019-05-12 00:00:00.000000,2019-05-12,0
2091,baseball,71,141,3,2019-05-19 00:00:00.000000,2019-05-19,0
2101,baseball,71,151,3,2019-05-26 00:00:00.000000,2019-05-26,0
2111,baseball,71,161,3,2019-06-02 00:00:00.000000,2019-06-02,0
2121,baseball,71,171,3,2019-06-09 00:00:00.000000,2019-06-09,0
2131,baseball,71,181,3,2019-06-16 00:00:00.000000,2019-06-16,0
2141,baseball,71,191,3,2019-06-23 00:00:00.000000,2019-06-23,0
2151,baseball,71,201,3,2019-06-30 00:00:00.000000,2019-06-30,0
2161,baseball,71,211,3,2019-07-07 00:00:00.000000,2019-07-07,0
2171,baseball,71,221,3,2019-07-14 00:00:00.000000,2019-07-14,0
2181,baseball,71,231,3,2019-07-21 00:00:00.000000,2019-07-21,0
2191,baseball,71,241,3,2019-07-28 00:00:00.000000,2019-07-28,0
2201,baseball,71,251,3,2019-08-04 00:00:00.000000,2019-08-04,0
2211,baseball,71,261,3,2019-08-11 00:00:00.000000,2019-08-11,0
2221,baseball,71,271,3,2019-08-18 00:00:00.000000,2019-08-18,0
2231,baseball,71,281,3,2019-08-25 00:00:00.000000,2019-08-25,0
2241,baseball,71,291,3,2019-09-01 00:00:00.000000,2019-09-01,0
2251,baseball,71,1,3,2019-09-15 00:00:00.000000,2019-09-15,0
2261,baseball,71,11,3,2019-09-22 00:00:00.000000,2019-09-22,0
2271,baseball,71,21,3,2019-09-29 00:00:00.000000,2019-09-29,0
2281,baseball,71,31,3,2019-10-06 00:00:00.000000,2019-10-06,0
2291,baseball,71,41,3,2019-10-13 00:00:00.000000,2019-10-13,0
2301,baseball,71,51,3,2019-10-20 00:00:00.000000,2019-10-20,0
2311,baseball,71,61,3,2019-10-27 00:00:00.000000,2019-10-27,0
2321,baseball,81,91,18,2019-04-07 00:00:00.000000,2019-04-07,0
2331,baseball,81,101,18,2019-04-14 00:00:00.000000,2019-04-14,0
2341,baseball,81,111,18,2019-04-21 00:00:00.000000,2019-04-21,0
2351,baseball,81,121,18,2019-04-28 00:00:00.000000,2019-04-28,0
2361,baseball,81,131,18,2019-05-05 00:00:00.000000,2019-05-05,0
2371,baseball,81,141,18,2019-05-12 00:00:00.000000,2019-05-12,0
2381,baseball,81,151,18,2019-05-19 00:00:00.000000,2019-05-19,0
2391,baseball,81,161,18,2019-05-26 00:00:00.000000,2019-05-26,0
2401,baseball,81,171,18,2019-06-02 00:00:00.000000,2019-06-02,0
2411,baseball,81,181,18,2019-06-09 00:00:00.000000,2019-06-09,0
2421,baseball,81,191,18,2019-06-16 00:00:00.000000,2019-06-16,0
2431,baseball,81,201,18,2019-06-23 00:00:00.000000,2019-06-23,0
2441,baseball,81,211,18,2019-06-30 00:00:00.000000,2019-06-30,0
2451,baseball,81,221,18,2019-07-07 00:00:00.000000,2019-07-07,0
2461,baseball,81,231,18,2019-07-14 00:00:00.000000,2019-07-14,0
2471,baseball,81,241,18,2019-07-21 00:00:00.000000,2019-07-21,0
2481,baseball,81,251,18,2019-07-28 00:00:00.000000,2019-07-28,0
2491,baseball,81,261,18,2019-08-04 00:00:00.000000,2019-08-04,0
2501,baseball,81,271,18,2019-08-11 00:00:00.000000,2019-08-11,0
2511,baseball,81,281,18,2019-08-18 00:00:00.000000,2019-08-18,0
2521,baseball,81,291,18,2019-08-25 00:00:00.000000,2019-08-25,0
2531,baseball,81,1,18,2019-09-08 00:00:00.000000,2019-09-08,0
2541,baseball,81,11,18,2019-09-15 00:00:00.000000,2019-09-15,0
2551,baseball,81,21,18,2019-09-22 00:00:00.000000,2019-09-22,0
2561,baseball,81,31,18,2019-09-29 00:00:00.000000,2019-09-29,0
2571,baseball,81,41,18,2019-10-06 00:00:00.000000,2019-10-06,0
2581,baseball,81,51,18,2019-10-13 00:00:00.000000,2019-10-13,0
2591,baseball,81,61,18,2019-10-20 00:00:00.000000,2019-10-20,0
2601,baseball,81,71,18,2019-10-27 00:00:00.000000,2019-10-27,0
2611,baseball,91,101,10,2019-04-07 00:00:00.000000,2019-04-07,0
2621,baseball,91,111,10,2019-04-14 00:00:00.000000,2019-04-14,0
2631,baseball,91,121,10,2019-04-21 00:00:00.000000,2019-04-21,0
2641,baseball,91,131,10,2019-04-28 00:00:00.000000,2019-04-28,0
2651,baseball,91,141,10,2019-05-05 00:00:00.000000,2019-05-05,0
2661,baseball,91,151,10,2019-05-12 00:00:00.000000,2019-05-12,0
2671,baseball,91,161,10,2019-05-19 00:00:00.000000,2019-05-19,0
2681,baseball,91,171,10,2019-05-26 00:00:00.000000,2019-05-26,0
2691,baseball,91,181,10,2019-06-02 00:00:00.000000,2019-06-02,0
2701,baseball,91,191,10,2019-06-09 00:00:00.000000,2019-06-09,0
2711,baseball,91,201,10,2019-06-16 00:00:00.000000,2019-06-16,0
2721,baseball,91,211,10,2019-06-23 00:00:00.000000,2019-06-23,0
2731,baseball,91,221,10,2019-06-30 00:00:00.000000,2019-06-30,0
2741,baseball,91,231,10,2019-07-07 00:00:00.000000,2019-07-07,0
2751,baseball,91,241,10,2019-07-14 00:00:00.000000,2019-07-14,0
2761,baseball,91,251,10,2019-07-21 00:00:00.000000,2019-07-21,0
2771,baseball,91,261,10,2019-07-28 00:00:00.000000,2019-07-28,0
2781,baseball,91,271,10,2019-08-04 00:00:00.000000,2019-08-04,0
2791,baseball,91,281,10,2019-08-11 00:00:00.000000,2019-08-11,0
2801,baseball,91,291,10,2019-08-18 00:00:00.000000,2019-08-18,0
2811,baseball,91,1,10,2019-09-01 00:00:00.000000,2019-09-01,0
2821,baseball,91,11,10,2019-09-08 00:00:00.000000,2019-09-08,0
2831,baseball,91,21,10,2019-09-15 00:00:00.000000,2019-09-15,0
2841,baseball,91,31,10,2019-09-22 00:00:00.000000,2019-09-22,0
2851,baseball,91,41,10,2019-09-29 00:00:00.000000,2019-09-29,0
2861,baseball,91,51,10,2019-10-06 00:00:00.000000,2019-10-06,0
2871,baseball,91,61,10,2019-10-13 00:00:00.000000,2019-10-13,0
2881,baseball,91,71,10,2019-10-20 00:00:00.000000,2019-10-20,0
2891,baseball,91,81,10,2019-10-27 00:00:00.000000,2019-10-27,0
2901,baseball,101,111,2,2019-04-07 00:00:00.000000,2019-04-07,0
2911,baseball,101,121,2,2019-04-14 00:00:00.000000,2019-04-14,0
2921,baseball,101,131,2,2019-04-21 00:00:00.000000,2019-04-21,0
2931,baseball,101,141,2,2019-04-28 00:00:00.000000,2019-04-28,0
2941,baseball,101,151,2,2019-05-05 00:00:00.000000,2019-05-05,0
2951,baseball,101,161,2,2019-05-12 00:00:00.000000,2019-05-12,0
2961,baseball,101,171,2,2019-05-19 00:00:00.000000,2019-05-19,0
2971,baseball,101,181,2,2019-05-26 00:00:00.000000,2019-05-26,0
2981,baseball,101,191,2,2019-06-02 00:00:00.000000,2019-06-02,0
2991,baseball,101,201,2,2019-06-09 00:00:00.000000,2019-06-09,0
3001,baseball,101,211,2,2019-06-16 00:00:00.000000,2019-06-16,0
3011,baseball,101,221,2,2019-06-23 00:00:00.000000,2019-06-23,0
3021,baseball,101,231,2,2019-06-30 00:00:00.000000,2019-06-30,0
3031,baseball,101,241,2,2019-07-07 00:00:00.000000,2019-07-07,0
3041,baseball,101,251,2,2019-07-14 00:00:00.000000,2019-07-14,0
3051,baseball,101,261,2,2019-07-21 00:00:00.000000,2019-07-21,0
3061,baseball,101,271,2,2019-07-28 00:00:00.000000,2019-07-28,0
3071,baseball,101,281,2,2019-08-04 00:00:00.000000,2019-08-04,0
3081,baseball,101,291,2,2019-08-11 00:00:00.000000,2019-08-11,0
3091,baseball,101,1,2,2019-08-25 00:00:00.000000,2019-08-25,0
3101,baseball,101,11,2,2019-09-01 00:00:00.000000,2019-09-01,0
3111,baseball,101,21,2,2019-09-08 00:00:00.000000,2019-09-08,0
3121,baseball,101,31,2,2019-09-15 00:00:00.000000,2019-09-15,0
3131,baseball,101,41,2,2019-09-22 00:00:00.000000,2019-09-22,0
3141,baseball,101,51,2,2019-09-29 00:00:00.000000,2019-09-29,0
3151,baseball,101,61,2,2019-10-06 00:00:00.000000,2019-10-06,0
3161,baseball,101,71,2,2019-10-13 00:00:00.000000,2019-10-13,0
3171,baseball,101,81,2,2019-10-20 00:00:00.000000,2019-10-20,0
3181,baseball,101,91,2,2019-10-27 00:00:00.000000,2019-10-27,0
3191,baseball,111,121,22,2019-04-07 00:00:00.000000,2019-04-07,0
3201,baseball,111,131,22,2019-04-14 00:00:00.000000,2019-04-14,0
3211,baseball,111,141,22,2019-04-21 00:00:00.000000,2019-04-21,0
3221,baseball,111,151,22,2019-04-28 00:00:00.000000,2019-04-28,0
3231,baseball,111,161,22,2019-05-05 00:00:00.000000,2019-05-05,0
3241,baseball,111,171,22,2019-05-12 00:00:00.000000,2019-05-12,0
3251,baseball,111,181,22,2019-05-19 00:00:00.000000,2019-05-19,0
3261,baseball,111,191,22,2019-05-26 00:00:00.000000,2019-05-26,0
3271,baseball,111,201,22,2019-06-02 00:00:00.000000,2019-06-02,0
3281,baseball,111,211,22,2019-06-09 00:00:00.000000,2019-06-09,0
3291,baseball,111,221,22,2019-06-16 00:00:00.000000,2019-06-16,0
3301,baseball,111,231,22,2019-06-23 00:00:00.000000,2019-06-23,0
3311,baseball,111,241,22,2019-06-30 00:00:00.000000,2019-06-30,0
3321,baseball,111,251,22,2019-07-07 00:00:00.000000,2019-07-07,0
3331,baseball,111,261,22,2019-07-14 00:00:00.000000,2019-07-14,0
3341,baseball,111,271,22,2019-07-21 00:00:00.000000,2019-07-21,0
3351,baseball,111,281,22,2019-07-28 00:00:00.000000,2019-07-28,0
3361,baseball,111,291,22,2019-08-04 00:00:00.000000,2019-08-04,0
3371,baseball,111,1,22,2019-08-18 00:00:00.000000,2019-08-18,0
3381,baseball,111,11,22,2019-08-25 00:00:00.000000,2019-08-25,0
3391,baseball,111,21,22,2019-09-01 00:00:00.000000,2019-09-01,0
3401,baseball,111,31,22,2019-09-08 00:00:00.000000,2019-09-08,0
3411,baseball,111,41,22,2019-09-15 00:00:00.000000,2019-09-15,0
3421,baseball,111,51,22,2019-09-22 00:00:00.000000,2019-09-22,0
3431,baseball,111,61,22,2019-09-29 00:00:00.000000,2019-09-29,0
3441,baseball,111,71,22,2019-10-06 00:00:00.000000,2019-10-06,0
3451,baseball,111,81,22,2019-10-13 00:00:00.000000,2019-10-13,0
3461,baseball,111,91,22,2019-10-20 00:00:00.000000,2019-10-20,0
3471,baseball,111,101,22,2019-10-27 00:00:00.000000,2019-10-27,0
3481,baseball,121,131,1,2019-04-07 00:00:00.000000,2019-04-07,0
3491,baseball,121,141,1,2019-04-14 00:00:00.000000,2019-04-14,0
3501,baseball,121,151,1,2019-04-21 00:00:00.000000,2019-04-21,0
3511,baseball,121,161,1,2019-04-28 00:00:00.000000,2019-04-28,0
3521,baseball,121,171,1,2019-05-05 00:00:00.000000,2019-05-05,0
3531,baseball,121,181,1,2019-05-12 00:00:00.000000,2019-05-12,0
3541,baseball,121,191,1,2019-05-19 00:00:00.000000,2019-05-19,0
3551,baseball,121,201,1,2019-05-26 00:00:00.000000,2019-05-26,0
3561,baseball,121,211,1,2019-06-02 00:00:00.000000,2019-06-02,0
3571,baseball,121,221,1,2019-06-09 00:00:00.000000,2019-06-09,0
3581,baseball,121,231,1,2019-06-16 00:00:00.000000,2019-06-16,0
3591,baseball,121,241,1,2019-06-23 00:00:00.000000,2019-06-23,0
3601,baseball,121,251,1,2019-06-30 00:00:00.000000,2019-06-30,0
3611,baseball,121,261,1,2019-07-07 00:00:00.000000,2019-07-07,0
3621,baseball,121,271,1,2019-07-14 00:00:00.000000,2019-07-14,0
3631,baseball,121,281,1,2019-07-21 00:00:00.000000,2019-07-21,0
3641,baseball,121,291,1,2019-07-28 00:00:00.000000,2019-07-28,0
3651,baseball,121,1,1,2019-08-11 00:00:00.000000,2019-08-11,0
3661,baseball,121,11,1,2019-08-18 00:00:00.000000,2019-08-18,0
3671,baseball,121,21,1,2019-08-25 00:00:00.000000,2019-08-25,0
3681,baseball,121,31,1,2019-09-01 00:00:00.000000,2019-09-01,0
3691,baseball,121,41,1,2019-09-08 00:00:00.000000,2019-09-08,0
3701,baseball,121,51,1,2019-09-15 00:00:00.000000,2019-09-15,0
3711,baseball,121,61,1,2019-09-22 00:00:00.000000,2019-09-22,0
3721,baseball,121,71,1,2019-09-29 00:00:00.000000,2019-09-29,0
3731,baseball,121,81,1,2019-10-06 00:00:00.000000,2019-10-06,0
3741,baseball,121,91,1,2019-10-13 00:00:00.000000,2019-10-13,0
3751,baseball,121,101,1,2019-10-20 00:00:00.000000,2019-10-20,0
3761,baseball,121,111,1,2019-10-27 00:00:00.000000,2019-10-27,0
3771,baseball,131,141,4,2019-04-07 00:00:00.000000,2019-04-07,0
3781,baseball,131,151,4,2019-04-14 00:00:00.000000,2019-04-14,0
3791,baseball,131,161,4,2019-04-21 00:00:00.000000,2019-04-21,0
3801,baseball,131,171,4,2019-04-28 00:00:00.000000,2019-04-28,0
3811,baseball,131,181,4,2019-05-05 00:00:00.000000,2019-05-05,0
3821,baseball,131,191,4,2019-05-12 00:00:00.000000,2019-05-12,0
3831,baseball,131,201,4,2019-05-19 00:00:00.000000,2019-05-19,0
3841,baseball,131,211,4,2019-05-26 00:00:00.000000,2019-05-26,0
3851,baseball,131,221,4,2019-06-02 00:00:00.000000,2019-06-02,0
3861,baseball,131,231,4,2019-06-09 00:00:00.000000,2019-06-09,0
3871,baseball,131,241,4,2019-06-16 00:00:00.000000,2019-06-16,0
3881,baseball,131,251,4,2019-06-23 00:00:00.000000,2019-06-23,0
3891,baseball,131,261,4,2019-06-30 00:00:00.000000,2019-06-30,0
3901,baseball,131,271,4,2019-07-07 00:00:00.000000,2019-07-07,0
3911,baseball,131,281,4,2019-07-14 00:00:00.000000,2019-07-14,0
3921,baseball,131,291,4,2019-07-21 00:00:00.000000,2019-07-21,0
3931,baseball,131,1,4,2019-08-04 00:00:00.000000,2019-08-04,0
3941,baseball,131,11,4,2019-08-11 00:00:00.000000,2019-08-11,0
3951,baseball,131,21,4,2019-08-18 00:00:00.000000,2019-08-18,0
3961,baseball,131,31,4,2019-08-25 00:00:00.000000,2019-08-25,0
3971,baseball,131,41,4,2019-09-01 00:00:00.000000,2019-09-01,0
3981,baseball,131,51,4,2019-09-08 00:00:00.000000,2019-09-08,0
3991,baseball,131,61,4,2019-09-15 00:00:00.000000,2019-09-15,0
4001,baseball,131,71,4,2019-09-22 00:00:00.000000,2019-09-22,0
4011,baseball,131,81,4,2019-09-29 00:00:00.000000,2019-09-29,0
4021,baseball,131,91,4,2019-10-06 00:00:00.000000,2019-10-06,0
4031,baseball,131,101,4,2019-10-13 00:00:00.000000,2019-10-13,0
4041,baseball,131,111,4,2019-10-20 00:00:00.000000,2019-10-20,0
4051,baseball,131,121,4,2019-10-27 00:00:00.000000,2019-10-27,0
4061,baseball,141,151,16,2019-04-07 00:00:00.000000,2019-04-07,0
4071,baseball,141,161,16,2019-04-14 00:00:00.000000,2019-04-14,0
4081,baseball,141,171,16,2019-04-21 00:00:00.000000,2019-04-21,0
4091,baseball,141,181,16,2019-04-28 00:00:00.000000,2019-04-28,0
4101,baseball,141,191,16,2019-05-05 00:00:00.000000,2019-05-05,0
4111,baseball,141,201,16,2019-05-12 00:00:00.000000,2019-05-12,0
4121,baseball,141,211,16,2019-05-19 00:00:00.000000,2019-05-19,0
4131,baseball,141,221,16,2019-05-26 00:00:00.000000,2019-05-26,0
4141,baseball,141,231,16,2019-06-02 00:00:00.000000,2019-06-02,0
4151,baseball,141,241,16,2019-06-09 00:00:00.000000,2019-06-09,0
4161,baseball,141,251,16,2019-06-16 00:00:00.000000,2019-06-16,0
4171,baseball,141,261,16,2019-06-23 00:00:00.000000,2019-06-23,0
4181,baseball,141,271,16,2019-06-30 00:00:00.000000,2019-06-30,0
4191,baseball,141,281,16,2019-07-07 00:00:00.000000,2019-07-07,0
4201,baseball,141,291,16,2019-07-14 00:00:00.000000,2019-07-14,0
4211,baseball,141,1,16,2019-07-28 00:00:00.000000,2019-07-28,0
4221,baseball,141,11,16,2019-08-04 00:00:00.000000,2019-08-04,0
4231,baseball,141,21,16,2019-08-11 00:00:00.000000,2019-08-11,0
4241,baseball,141,31,16,2019-08-18 00:00:00.000000,2019-08-18,0
4251,baseball,141,41,16,2019-08-25 00:00:00.000000,2019-08-25,0
4261,baseball,141,51,16,2019-09-01 00:00:00.000000,2019-09-01,0
4271,baseball,141,61,16,2019-09-08 00:00:00.000000,2019-09-08,0
4281,baseball,141,71,16,2019-09-15 00:00:00.000000,2019-09-15,0
4291,baseball,141,81,16,2019-09-22 00:00:00.000000,2019-09-22,0
4301,baseball,141,91,16,2019-09-29 00:00:00.000000,2019-09-29,0
4311,baseball,141,101,16,2019-10-06 00:00:00.000000,2019-10-06,0
4321,baseball,141,111,16,2019-10-13 00:00:00.000000,2019-10-13,0
4331,baseball,141,121,16,2019-10-20 00:00:00.000000,2019-10-20,0
4341,baseball,141,131,16,2019-10-27 00:00:00.000000,2019-10-27,0
4351,baseball,151,161,24,2019-04-07 00:00:00.000000,2019-04-07,0
4361,baseball,151,171,24,2019-04-14 00:00:00.000000,2019-04-14,0
4371,baseball,151,181,24,2019-04-21 00:00:00.000000,2019-04-21,0
4381,baseball,151,191,24,2019-04-28 00:00:00.000000,2019-04-28,0
4391,baseball,151,201,24,2019-05-05 00:00:00.000000,2019-05-05,0
4401,baseball,151,211,24,2019-05-12 00:00:00.000000,2019-05-12,0
4411,baseball,151,221,24,2019-05-19 00:00:00.000000,2019-05-19,0
4421,baseball,151,231,24,2019-05-26 00:00:00.000000,2019-05-26,0
4431,baseball,151,241,24,2019-06-02 00:00:00.000000,2019-06-02,0
4441,baseball,151,251,24,2019-06-09 00:00:00.000000,2019-06-09,0
4451,baseball,151,261,24,2019-06-16 00:00:00.000000,2019-06-16,0
4461,baseball,151,271,24,2019-06-23 00:00:00.000000,2019-06-23,0
4471,baseball,151,281,24,2019-06-30 00:00:00.000000,2019-06-30,0
4481,baseball,151,291,24,2019-07-07 00:00:00.000000,2019-07-07,0
4491,baseball,151,1,24,2019-07-21 00:00:00.000000,2019-07-21,0
4501,baseball,151,11,24,2019-07-28 00:00:00.000000,2019-07-28,0
4511,baseball,151,21,24,2019-08-04 00:00:00.000000,2019-08-04,0
4521,baseball,151,31,24,2019-08-11 00:00:00.000000,2019-08-11,0
4531,baseball,151,41,24,2019-08-18 00:00:00.000000,2019-08-18,0
4541,baseball,151,51,24,2019-08-25 00:00:00.000000,2019-08-25,0
4551,baseball,151,61,24,2019-09-01 00:00:00.000000,2019-09-01,0
4561,baseball,151,71,24,2019-09-08 00:00:00.000000,2019-09-08,0
4571,baseball,151,81,24,2019-09-15 00:00:00.000000,2019-09-15,0
4581,baseball,151,91,24,2019-09-22 00:00:00.000000,2019-09-22,0
4591,baseball,151,101,24,2019-09-29 00:00:00.000000,2019-09-29,0
4601,baseball,151,111,24,2019-10-06 00:00:00.000000,2019-10-06,0
4611,baseball,151,121,24,2019-10-13 00:00:00.000000,2019-10-13,0
4621,baseball,151,131,24,2019-10-20 00:00:00.000000,2019-10-20,0
4631,baseball,151,141,24,2019-10-27 00:00:00.000000,2019-10-27,0
4641,baseball,161,171,26,2019-04-07 00:00:00.000000,2019-04-07,0
4651,baseball,161,181,26,2019-04-14 00:00:00.000000,2019-04-14,0
4661,baseball,161,191,26,2019-04-21 00:00:00.000000,2019-04-21,0
4671,baseball,161,201,26,2019-04-28 00:00:00.000000,2019-04-28,0
4681,baseball,161,211,26,2019-05-05 00:00:00.000000,2019-05-05,0
4691,baseball,161,221,26,2019-05-12 00:00:00.000000,2019-05-12,0
4701,baseball,161,231,26,2019-05-19 00:00:00.000000,2019-05-19,0
4711,baseball,161,241,26,2019-05-26 00:00:00.000000,2019-05-26,0
4721,baseball,161,251,26,2019-06-02 00:00:00.000000,2019-06-02,0
4731,baseball,161,261,26,2019-06-09 00:00:00.000000,2019-06-09,0
4741,baseball,161,271,26,2019-06-16 00:00:00.000000,2019-06-16,0
4751,baseball,161,281,26,2019-06-23 00:00:00.000000,2019-06-23,0
4761,baseball,161,291,26,2019-06-30 00:00:00.000000,2019-06-30,0
4771,baseball,161,1,26,2019-07-14 00:00:00.000000,2019-07-14,0
4781,baseball,161,11,26,2019-07-21 00:00:00.000000,2019-07-21,0
4791,baseball,161,21,26,2019-07-28 00:00:00.000000,2019-07-28,0
4801,baseball,161,31,26,2019-08-04 00:00:00.000000,2019-08-04,0
4811,baseball,161,41,26,2019-08-11 00:00:00.000000,2019-08-11,0
4821,baseball,161,51,26,2019-08-18 00:00:00.000000,2019-08-18,0
4831,baseball,161,61,26,2019-08-25 00:00:00.000000,2019-08-25,0
4841,baseball,161,71,26,2019-09-01 00:00:00.000000,2019-09-01,0
4851,baseball,161,81,26,2019-09-08 00:00:00.000000,2019-09-08,0
4861,baseball,161,91,26,2019-09-15 00:00:00.000000,2019-09-15,0
4871,baseball,161,101,26,2019-09-22 00:00:00.000000,2019-09-22,0
4881,baseball,161,111,26,2019-09-29 00:00:00.000000,2019-09-29,0
4891,baseball,161,121,26,2019-10-06 00:00:00.000000,2019-10-06,0
4901,baseball,161,131,26,2019-10-13 00:00:00.000000,2019-10-13,0
4911,baseball,161,141,26,2019-10-20 00:00:00.000000,2019-10-20,0
4921,baseball,161,151,26,2019-10-27 00:00:00.000000,2019-10-27,0
4931,baseball,171,181,30,2019-04-07 00:00:00.000000,2019-04-07,0
4941,baseball,171,191,30,2019-04-14 00:00:00.000000,2019-04-14,0
4951,baseball,171,201,30,2019-04-21 00:00:00.000000,2019-04-21,0
4961,baseball,171,211,30,2019-04-28 00:00:00.000000,2019-04-28,0
4971,baseball,171,221,30,2019-05-05 00:00:00.000000,2019-05-05,0
4981,baseball,171,231,30,2019-05-12 00:00:00.000000,2019-05-12,0
4991,baseball,171,241,30,2019-05-19 00:00:00.000000,2019-05-19,0
5001,baseball,171,251,30,2019-05-26 00:00:00.000000,2019-05-26,0
5011,baseball,171,261,30,2019-06-02 00:00:00.000000,2019-06-02,0
5021,baseball,171,271,30,2019-06-09 00:00:00.000000,2019-06-09,0
5031,baseball,171,281,30,2019-06-16 00:00:00.000000,2019-06-16,0
5041,baseball,171,291,30,2019-06-23 00:00:00.000000,2019-06-23,0
5051,baseball,171,1,30,2019-07-07 00:00:00.000000,2019-07-07,0
5061,baseball,171,11,30,2019-07-14 00:00:00.000000,2019-07-14,0
5071,baseball,171,21,30,2019-07-21 00:00:00.000000,2019-07-21,0
5081,baseball,171,31,30,2019-07-28 00:00:00.000000,2019-07-28,0
5091,baseball,171,41,30,2019-08-04 00:00:00.000000,2019-08-04,0
5101,baseball,171,51,30,2019-08-11 00:00:00.000000,2019-08-11,0
5111,baseball,171,61,30,2019-08-18 00:00:00.000000,2019-08-18,0
5121,baseball,171,71,30,2019-08-25 00:00:00.000000,2019-08-25,0
5131,baseball,171,81,30,2019-09-01 00:00:00.000000,2019-09-01,0
5141,baseball,171,91,30,2019-09-08 00:00:00.000000,2019-09-08,0
5151,baseball,171,101,30,2019-09-15 00:00:00.000000,2019-09-15,0
5161,baseball,171,111,30,2019-09-22 00:00:00.000000,2019-09-22,0
5171,baseball,171,121,30,2019-09-29 00:00:00.000000,2019-09-29,0
5181,baseball,171,131,30,2019-10-06 00:00:00.000000,2019-10-06,0
5191,baseball,171,141,30,2019-10-13 00:00:00.000000,2019-10-13,0
5201,baseball,171,151,30,2019-10-20 00:00:00.000000,2019-10-20,0
5211,baseball,171,161,30,2019-10-27 00:00:00.000000,2019-10-27,0
5221,baseball,181,191,12,2019-04-07 00:00:00.000000,2019-04-07,0
5231,baseball,181,201,12,2019-04-14 00:00:00.000000,2019-04-14,0
5241,baseball,181,211,12,2019-04-21 00:00:00.000000,2019-04-21,0
5251,baseball,181,221,12,2019-04-28 00:00:00.000000,2019-04-28,0
5261,baseball,181,231,12,2019-05-05 00:00:00.000000,2019-05-05,0
5271,baseball,181,241,12,2019-05-12 00:00:00.000000,2019-05-12,0
5281,baseball,181,251,12,2019-05-19 00:00:00.000000,2019-05-19,0
5291,baseball,181,261,12,2019-05-26 00:00:00.000000,2019-05-26,0
5301,baseball,181,271,12,2019-06-02 00:00:00.000000,2019-06-02,0
5311,baseball,181,281,12,2019-06-09 00:00:00.000000,2019-06-09,0
5321,baseball,181,291,12,2019-06-16 00:00:00.000000,2019-06-16,0
5331,baseball,181,1,12,2019-06-30 00:00:00.000000,2019-06-30,0
5341,baseball,181,11,12,2019-07-07 00:00:00.000000,2019-07-07,0
5351,baseball,181,21,12,2019-07-14 00:00:00.000000,2019-07-14,0
5361,baseball,181,31,12,2019-07-21 00:00:00.000000,2019-07-21,0
5371,baseball,181,41,12,2019-07-28 00:00:00.000000,2019-07-28,0
5381,baseball,181,51,12,2019-08-04 00:00:00.000000,2019-08-04,0
5391,baseball,181,61,12,2019-08-11 00:00:00.000000,2019-08-11,0
5401,baseball,181,71,12,2019-08-18 00:00:00.000000,2019-08-18,0
5411,baseball,181,81,12,2019-08-25 00:00:00.000000,2019-08-25,0
5421,baseball,181,91,12,2019-09-01 00:00:00.000000,2019-09-01,0
5431,baseball,181,101,12,2019-09-08 00:00:00.000000,2019-09-08,0
5441,baseball,181,111,12,2019-09-15 00:00:00.000000,2019-09-15,0
5451,baseball,181,121,12,2019-09-22 00:00:00.000000,2019-09-22,0
5461,baseball,181,131,12,2019-09-29 00:00:00.000000,2019-09-29,0
5471,baseball,181,141,12,2019-10-06 00:00:00.000000,2019-10-06,0
5481,baseball,181,151,12,2019-10-13 00:00:00.000000,2019-10-13,0
5491,baseball,181,161,12,2019-10-20 00:00:00.000000,2019-10-20,0
5501,baseball,181,171,12,2019-10-27 00:00:00.000000,2019-10-27,0
5511,baseball,191,201,20,2019-04-07 00:00:00.000000,2019-04-07,0
5521,baseball,191,211,20,2019-04-14 00:00:00.000000,2019-04-14,0
5531,baseball,191,221,20,2019-04-21 00:00:00.000000,2019-04-21,0
5541,baseball,191,231,20,2019-04-28 00:00:00.000000,2019-04-28,0
5551,baseball,191,241,20,2019-05-05 00:00:00.000000,2019-05-05,0
5561,baseball,191,251,20,2019-05-12 00:00:00.000000,2019-05-12,0
5571,baseball,191,261,20,2019-05-19 00:00:00.000000,2019-05-19,0
5581,baseball,191,271,20,2019-05-26 00:00:00.000000,2019-05-26,0
5591,baseball,191,281,20,2019-06-02 00:00:00.000000,2019-06-02,0
5601,baseball,191,291,20,2019-06-09 00:00:00.000000,2019-06-09,0
5611,baseball,191,1,20,2019-06-23 00:00:00.000000,2019-06-23,0
5621,baseball,191,11,20,2019-06-30 00:00:00.000000,2019-06-30,0
5631,baseball,191,21,20,2019-07-07 00:00:00.000000,2019-07-07,0
5641,baseball,191,31,20,2019-07-14 00:00:00.000000,2019-07-14,0
5651,baseball,191,41,20,2019-07-21 00:00:00.000000,2019-07-21,0
5661,baseball,191,51,20,2019-07-28 00:00:00.000000,2019-07-28,0
5671,baseball,191,61,20,2019-08-04 00:00:00.000000,2019-08-04,0
5681,baseball,191,71,20,2019-08-11 00:00:00.000000,2019-08-11,0
5691,baseball,191,81,20,2019-08-18 00:00:00.000000,2019-08-18,0
5701,baseball,191,91,20,2019-08-25 00:00:00.000000,2019-08-25,0
5711,baseball,191,101,20,2019-09-01 00:00:00.000000,2019-09-01,0
5721,baseball,191,111,20,2019-09-08 00:00:00.000000,2019-09-08,0
5731,baseball,191,121,20,2019-09-15 00:00:00.000000,2019-09-15,0
5741,baseball,191,131,20,2019-09-22 00:00:00.000000,2019-09-22,0
5751,baseball,191,141,20,2019-09-29 00:00:00.000000,2019-09-29,0
5761,baseball,191,151,20,2019-10-06 00:00:00.000000,2019-10-06,0
5771,baseball,191,161,20,2019-10-13 00:00:00.000000,2019-10-13,0
5781,baseball,191,171,20,2019-10-20 00:00:00.000000,2019-10-20,0
5791,baseball,191,181,20,2019-10-27 00:00:00.000000,2019-10-27,0
5801,baseball,201,211,19,2019-04-07 00:00:00.000000,2019-04-07,0
5811,baseball,201,221,19,2019-04-14 00:00:00.000000,2019-04-14,0
5821,baseball,201,231,19,2019-04-21 00:00:00.000000,2019-04-21,0
5831,baseball,201,241,19,2019-04-28 00:00:00.000000,2019-04-28,0
5841,baseball,201,251,19,2019-05-05 00:00:00.000000,2019-05-05,0
5851,baseball,201,261,19,2019-05-12 00:00:00.000000,2019-05-12,0
5861,baseball,201,271,19,2019-05-19 00:00:00.000000,2019-05-19,0
5871,baseball,201,281,19,2019-05-26 00:00:00.000000,2019-05-26,0
5881,baseball,201,291,19,2019-06-02 00:00:00.000000,2019-06-02,0
5891,baseball,201,1,19,2019-06-16 00:00:00.000000,2019-06-16,0
5901,baseball,201,11,19,2019-06-23 00:00:00.000000,2019-06-23,0
5911,baseball,201,21,19,2019-06-30 00:00:00.000000,2019-06-30,0
5921,baseball,201,31,19,2019-07-07 00:00:00.000000,2019-07-07,0
5931,baseball,201,41,19,2019-07-14 00:00:00.000000,2019-07-14,0
5941,baseball,201,51,19,2019-07-21 00:00:00.000000,2019-07-21,0
5951,baseball,201,61,19,2019-07-28 00:00:00.000000,2019-07-28,0
5961,baseball,201,71,19,2019-08-04 00:00:00.000000,2019-08-04,0
5971,baseball,201,81,19,2019-08-11 00:00:00.000000,2019-08-11,0
5981,baseball,201,91,19,2019-08-18 00:00:00.000000,2019-08-18,0
5991,baseball,201,101,19,2019-08-25 00:00:00.000000,2019-08-25,0
6001,baseball,201,111,19,2019-09-01 00:00:00.000000,2019-09-01,0
6011,baseball,201,121,19,2019-09-08 00:00:00.000000,2019-09-08,0
6021,baseball,201,131,19,2019-09-15 00:00:00.000000,2019-09-15,0
6031,baseball,201,141,19,2019-09-22 00:00:00.000000,2019-09-22,0
6041,baseball,201,151,19,2019-09-29 00:00:00.000000,2019-09-29,0
6051,baseball,201,161,19,2019-10-06 00:00:00.000000,2019-10-06,0
6061,baseball,201,171,19,2019-10-13 00:00:00.000000,2019-10-13,0
6071,baseball,201,181,19,2019-10-20 00:00:00.000000,2019-10-20,0
6081,baseball,201,191,19,2019-10-27 00:00:00.000000,2019-10-27,0
6091,baseball,211,221,29,2019-04-07 00:00:00.000000,2019-04-07,0
6101,baseball,211,231,29,2019-04-14 00:00:00.000000,2019-04-14,0
6111,baseball,211,241,29,2019-04-21 00:00:00.000000,2019-04-21,0
6121,baseball,211,251,29,2019-04-28 00:00:00.000000,2019-04-28,0
6131,baseball,211,261,29,2019-05-05 00:00:00.000000,2019-05-05,0
6141,baseball,211,271,29,2019-05-12 00:00:00.000000,2019-05-12,0
6151,baseball,211,281,29,2019-05-19 00:00:00.000000,2019-05-19,0
6161,baseball,211,291,29,2019-05-26 00:00:00.000000,2019-05-26,0
6171,baseball,211,1,29,2019-06-09 00:00:00.000000,2019-06-09,0
6181,baseball,211,11,29,2019-06-16 00:00:00.000000,2019-06-16,0
6191,baseball,211,21,29,2019-06-23 00:00:00.000000,2019-06-23,0
6201,baseball,211,31,29,2019-06-30 00:00:00.000000,2019-06-30,0
6211,baseball,211,41,29,2019-07-07 00:00:00.000000,2019-07-07,0
6221,baseball,211,51,29,2019-07-14 00:00:00.000000,2019-07-14,0
6231,baseball,211,61,29,2019-07-21 00:00:00.000000,2019-07-21,0
6241,baseball,211,71,29,2019-07-28 00:00:00.000000,2019-07-28,0
6251,baseball,211,81,29,2019-08-04 00:00:00.000000,2019-08-04,0
6261,baseball,211,91,29,2019-08-11 00:00:00.000000,2019-08-11,0
6271,baseball,211,101,29,2019-08-18 00:00:00.000000,2019-08-18,0
6281,baseball,211,111,29,2019-08-25 00:00:00.000000,2019-08-25,0
6291,baseball,211,121,29,2019-09-01 00:00:00.000000,2019-09-01,0
6301,baseball,211,131,29,2019-09-08 00:00:00.000000,2019-09-08,0
6311,baseball,211,141,29,2019-09-15 00:00:00.000000,2019-09-15,0
6321,baseball,211,151,29,2019-09-22 00:00:00.000000,2019-09-22,0
6331,baseball,211,161,29,2019-09-29 00:00:00.000000,2019-09-29,0
6341,baseball,211,171,29,2019-10-06 00:00:00.000000,2019-10-06,0
6351,baseball,211,181,29,2019-10-13 00:00:00.000000,2019-10-13,0
6361,baseball,211,191,29,2019-10-20 00:00:00.000000,2019-10-20,0
6371,baseball,211,201,29,2019-10-27 00:00:00.000000,2019-10-27,0
6381,baseball,221,231,15,2019-04-07 00:00:00.000000,2019-04-07,0
6391,baseball,221,241,15,2019-04-14 00:00:00.000000,2019-04-14,0
6401,baseball,221,251,15,2019-04-21 00:00:00.000000,2019-04-21,0
6411,baseball,221,261,15,2019-04-28 00:00:00.000000,2019-04-28,0
6421,baseball,221,271,15,2019-05-05 00:00:00.000000,2019-05-05,0
6431,baseball,221,281,15,2019-05-12 00:00:00.000000,2019-05-12,0
6441,baseball,221,291,15,2019-05-19 00:00:00.000000,2019-05-19,0
6451,baseball,221,1,15,2019-06-02 00:00:00.000000,2019-06-02,0
6461,baseball,221,11,15,2019-06-09 00:00:00.000000,2019-06-09,0
6471,baseball,221,21,15,2019-06-16 00:00:00.000000,2019-06-16,0
6481,baseball,221,31,15,2019-06-23 00:00:00.000000,2019-06-23,0
6491,baseball,221,41,15,2019-06-30 00:00:00.000000,2019-06-30,0
6501,baseball,221,51,15,2019-07-07 00:00:00.000000,2019-07-07,0
6511,baseball,221,61,15,2019-07-14 00:00:00.000000,2019-07-14,0
6521,baseball,221,71,15,2019-07-21 00:00:00.000000,2019-07-21,0
6531,baseball,221,81,15,2019-07-28 00:00:00.000000,2019-07-28,0
6541,baseball,221,91,15,2019-08-04 00:00:00.000000,2019-08-04,0
6551,baseball,221,101,15,2019-08-11 00:00:00.000000,2019-08-11,0
6561,baseball,221,111,15,2019-08-18 00:00:00.000000,2019-08-18,0
6571,baseball,221,121,15,2019-08-25 00:00:00.000000,2019-08-25,0
6581,baseball,221,131,15,2019-09-01 00:00:00.000000,2019-09-01,0
6591,baseball,221,141,15,2019-09-08 00:00:00.000000,2019-09-08,0
6601,baseball,221,151,15,2019-09-15 00:00:00.000000,2019-09-15,0
6611,baseball,221,161,15,2019-09-22 00:00:00.000000,2019-09-22,0
6621,baseball,221,171,15,2019-09-29 00:00:00.000000,2019-09-29,0
6631,baseball,221,181,15,2019-10-06 00:00:00.000000,2019-10-06,0
6641,baseball,221,191,15,2019-10-13 00:00:00.000000,2019-10-13,0
6651,baseball,221,201,15,2019-10-20 00:00:00.000000,2019-10-20,0
6661,baseball,221,211,15,2019-10-27 00:00:00.000000,2019-10-27,0
6671,baseball,231,241,14,2019-04-07 00:00:00.000000,2019-04-07,0
6681,baseball,231,251,14,2019-04-14 00:00:00.000000,2019-04-14,0
6691,baseball,231,261,14,2019-04-21 00:00:00.000000,2019-04-21,0
6701,baseball,231,271,14,2019-04-28 00:00:00.000000,2019-04-28,0
6711,baseball,231,281,14,2019-05-05 00:00:00.000000,2019-05-05,0
6721,baseball,231,291,14,2019-05-12 00:00:00.000000,2019-05-12,0
6731,baseball,231,1,14,2019-05-26 00:00:00.000000,2019-05-26,0
6741,baseball,231,11,14,2019-06-02 00:00:00.000000,2019-06-02,0
6751,baseball,231,21,14,2019-06-09 00:00:00.000000,2019-06-09,0
6761,baseball,231,31,14,2019-06-16 00:00:00.000000,2019-06-16,0
6771,baseball,231,41,14,2019-06-23 00:00:00.000000,2019-06-23,0
6781,baseball,231,51,14,2019-06-30 00:00:00.000000,2019-06-30,0
6791,baseball,231,61,14,2019-07-07 00:00:00.000000,2019-07-07,0
6801,baseball,231,71,14,2019-07-14 00:00:00.000000,2019-07-14,0
6811,baseball,231,81,14,2019-07-21 00:00:00.000000,2019-07-21,0
6821,baseball,231,91,14,2019-07-28 00:00:00.000000,2019-07-28,0
6831,baseball,231,101,14,2019-08-04 00:00:00.000000,2019-08-04,0
6841,baseball,231,111,14,2019-08-11 00:00:00.000000,2019-08-11,0
6851,baseball,231,121,14,2019-08-18 00:00:00.000000,2019-08-18,0
6861,baseball,231,131,14,2019-08-25 00:00:00.000000,2019-08-25,0
6871,baseball,231,141,14,2019-09-01 00:00:00.000000,2019-09-01,0
6881,baseball,231,151,14,2019-09-08 00:00:00.000000,2019-09-08,0
6891,baseball,231,161,14,2019-09-15 00:00:00.000000,2019-09-15,0
6901,baseball,231,171,14,2019-09-22 00:00:00.000000,2019-09-22,0
6911,baseball,231,181,14,2019-09-29 00:00:00.000000,2019-09-29,0
6921,baseball,231,191,14,2019-10-06 00:00:00.000000,2019-10-06,0
6931,baseball,231,201,14,2019-10-13 00:00:00.000000,2019-10-13,0
6941,baseball,231,211,14,2019-10-20 00:00:00.000000,2019-10-20,0
6951,baseball,231,221,14,2019-10-27 00:00:00.000000,2019-10-27,0
6961,baseball,241,251,17,2019-04-07 00:00:00.000000,2019-04-07,0
6971,baseball,241,261,17,2019-04-14 00:00:00.000000,2019-04-14,0
6981,baseball,241,271,17,2019-04-21 00:00:00.000000,2019-04-21,0
6991,baseball,241,281,17,2019-04-28 00:00:00.000000,2019-04-28,0
7001,baseball,241,291,17,2019-05-05 00:00:00.000000,2019-05-05,0
7011,baseball,241,1,17,2019-05-19 00:00:00.000000,2019-05-19,0
7021,baseball,241,11,17,2019-05-26 00:00:00.000000,2019-05-26,0
7031,baseball,241,21,17,2019-06-02 00:00:00.000000,2019-06-02,0
7041,baseball,241,31,17,2019-06-09 00:00:00.000000,2019-06-09,0
7051,baseball,241,41,17,2019-06-16 00:00:00.000000,2019-06-16,0
7061,baseball,241,51,17,2019-06-23 00:00:00.000000,2019-06-23,0
7071,baseball,241,61,17,2019-06-30 00:00:00.000000,2019-06-30,0
7081,baseball,241,71,17,2019-07-07 00:00:00.000000,2019-07-07,0
7091,baseball,241,81,17,2019-07-14 00:00:00.000000,2019-07-14,0
7101,baseball,241,91,17,2019-07-21 00:00:00.000000,2019-07-21,0
7111,baseball,241,101,17,2019-07-28 00:00:00.000000,2019-07-28,0
7121,baseball,241,111,17,2019-08-04 00:00:00.000000,2019-08-04,0
7131,baseball,241,121,17,2019-08-11 00:00:00.000000,2019-08-11,0
7141,baseball,241,131,17,2019-08-18 00:00:00.000000,2019-08-18,0
7151,baseball,241,141,17,2019-08-25 00:00:00.000000,2019-08-25,0
7161,baseball,241,151,17,2019-09-01 00:00:00.000000,2019-09-01,0
7171,baseball,241,161,17,2019-09-08 00:00:00.000000,2019-09-08,0
7181,baseball,241,171,17,2019-09-15 00:00:00.000000,2019-09-15,0
7191,baseball,241,181,17,2019-09-22 00:00:00.000000,2019-09-22,0
7201,baseball,241,191,17,2019-09-29 00:00:00.000000,2019-09-29,0
7211,baseball,241,201,17,2019-10-06 00:00:00.000000,2019-10-06,0
7221,baseball,241,211,17,2019-10-13 00:00:00.000000,2019-10-13,0
7231,baseball,241,221,17,2019-10-20 00:00:00.000000,2019-10-20,0
7241,baseball,241,231,17,2019-10-27 00:00:00.000000,2019-10-27,0
7251,baseball,251,261,28,2019-04-07 00:00:00.000000,2019-04-07,0
7261,baseball,251,271,28,2019-04-14 00:00:00.000000,2019-04-14,0
7271,baseball,251,281,28,2019-04-21 00:00:00.000000,2019-04-21,0
7281,baseball,251,291,28,2019-04-28 00:00:00.000000,2019-04-28,0
7291,baseball,251,1,28,2019-05-12 00:00:00.000000,2019-05-12,0
7301,baseball,251,11,28,2019-05-19 00:00:00.000000,2019-05-19,0
7311,baseball,251,21,28,2019-05-26 00:00:00.000000,2019-05-26,0
7321,baseball,251,31,28,2019-06-02 00:00:00.000000,2019-06-02,0
7331,baseball,251,41,28,2019-06-09 00:00:00.000000,2019-06-09,0
7341,baseball,251,51,28,2019-06-16 00:00:00.000000,2019-06-16,0
7351,baseball,251,61,28,2019-06-23 00:00:00.000000,2019-06-23,0
7361,baseball,251,71,28,2019-06-30 00:00:00.000000,2019-06-30,0
7371,baseball,251,81,28,2019-07-07 00:00:00.000000,2019-07-07,0
7381,baseball,251,91,28,2019-07-14 00:00:00.000000,2019-07-14,0
7391,baseball,251,101,28,2019-07-21 00:00:00.000000,2019-07-21,0
7401,baseball,251,111,28,2019-07-28 00:00:00.000000,2019-07-28,0
7411,baseball,251,121,28,2019-08-04 00:00:00.000000,2019-08-04,0
7421,baseball,251,131,28,2019-08-11 00:00:00.000000,2019-08-11,0
7431,baseball,251,141,28,2019-08-18 00:00:00.000000,2019-08-18,0
7441,baseball,251,151,28,2019-08-25 00:00:00.000000,2019-08-25,0
7451,baseball,251,161,28,2019-09-01 00:00:00.000000,2019-09-01,0
7461,baseball,251,171,28,2019-09-08 00:00:00.000000,2019-09-08,0
7471,baseball,251,181,28,2019-09-15 00:00:00.000000,2019-09-15,0
7481,baseball,251,191,28,2019-09-22 00:00:00.000000,2019-09-22,0
7491,baseball,251,201,28,2019-09-29 00:00:00.000000,2019-09-29,0
7501,baseball,251,211,28,2019-10-06 00:00:00.000000,2019-10-06,0
7511,baseball,251,221,28,2019-10-13 00:00:00.000000,2019-10-13,0
7521,baseball,251,231,28,2019-10-20 00:00:00.000000,2019-10-20,0
7531,baseball,251,241,28,2019-10-27 00:00:00.000000,2019-10-27,0
7541,baseball,261,271,6,2019-04-07 00:00:00.000000,2019-04-07,0
7551,baseball,261,281,6,2019-04-14 00:00:00.000000,2019-04-14,0
7561,baseball,261,291,6,2019-04-21 00:00:00.000000,2019-04-21,0
7571,baseball,261,1,6,2019-05-05 00:00:00.000000,2019-05-05,0
7581,baseball,261,11,6,2019-05-12 00:00:00.000000,2019-05-12,0
7591,baseball,261,21,6,2019-05-19 00:00:00.000000,2019-05-19,0
7601,baseball,261,31,6,2019-05-26 00:00:00.000000,2019-05-26,0
7611,baseball,261,41,6,2019-06-02 00:00:00.000000,2019-06-02,0
7621,baseball,261,51,6,2019-06-09 00:00:00.000000,2019-06-09,0
7631,baseball,261,61,6,2019-06-16 00:00:00.000000,2019-06-16,0
7641,baseball,261,71,6,2019-06-23 00:00:00.000000,2019-06-23,0
7651,baseball,261,81,6,2019-06-30 00:00:00.000000,2019-06-30,0
7661,baseball,261,91,6,2019-07-07 00:00:00.000000,2019-07-07,0
7671,baseball,261,101,6,2019-07-14 00:00:00.000000,2019-07-14,0
7681,baseball,261,111,6,2019-07-21 00:00:00.000000,2019-07-21,0
7691,baseball,261,121,6,2019-07-28 00:00:00.000000,2019-07-28,0
7701,baseball,261,131,6,2019-08-04 00:00:00.000000,2019-08-04,0
7711,baseball,261,141,6,2019-08-11 00:00:00.000000,2019-08-11,0
7721,baseball,261,151,6,2019-08-18 00:00:00.000000,2019-08-18,0
7731,baseball,261,161,6,2019-08-25 00:00:00.000000,2019-08-25,0
7741,baseball,261,171,6,2019-09-01 00:00:00.000000,2019-09-01,0
7751,baseball,261,181,6,2019-09-08 00:00:00.000000,2019-09-08,0
7761,baseball,261,191,6,2019-09-15 00:00:00.000000,2019-09-15,0
7771,baseball,261,201,6,2019-09-22 00:00:00.000000,2019-09-22,0
7781,baseball,261,211,6,2019-09-29 00:00:00.000000,2019-09-29,0
7791,baseball,261,221,6,2019-10-06 00:00:00.000000,2019-10-06,0
7801,baseball,261,231,6,2019-10-13 00:00:00.000000,2019-10-13,0
7811,baseball,261,241,6,2019-10-20 00:00:00.000000,2019-10-20,0
7821,baseball,261,251,6,2019-10-27 00:00:00.000000,2019-10-27,0
7831,baseball,271,281,21,2019-04-07 00:00:00.000000,2019-04-07,0
7841,baseball,271,291,21,2019-04-14 00:00:00.000000,2019-04-14,0
7851,baseball,271,1,21,2019-04-28 00:00:00.000000,2019-04-28,0
7861,baseball,271,11,21,2019-05-05 00:00:00.000000,2019-05-05,0
7871,baseball,271,21,21,2019-05-12 00:00:00.000000,2019-05-12,0
7881,baseball,271,31,21,2019-05-19 00:00:00.000000,2019-05-19,0
7891,baseball,271,41,21,2019-05-26 00:00:00.000000,2019-05-26,0
7901,baseball,271,51,21,2019-06-02 00:00:00.000000,2019-06-02,0
7911,baseball,271,61,21,2019-06-09 00:00:00.000000,2019-06-09,0
7921,baseball,271,71,21,2019-06-16 00:00:00.000000,2019-06-16,0
7931,baseball,271,81,21,2019-06-23 00:00:00.000000,2019-06-23,0
7941,baseball,271,91,21,2019-06-30 00:00:00.000000,2019-06-30,0
7951,baseball,271,101,21,2019-07-07 00:00:00.000000,2019-07-07,0
7961,baseball,271,111,21,2019-07-14 00:00:00.000000,2019-07-14,0
7971,baseball,271,121,21,2019-07-21 00:00:00.000000,2019-07-21,0
7981,baseball,271,131,21,2019-07-28 00:00:00.000000,2019-07-28,0
7991,baseball,271,141,21,2019-08-04 00:00:00.000000,2019-08-04,0
8001,baseball,271,151,21,2019-08-11 00:00:00.000000,2019-08-11,0
8011,baseball,271,161,21,2019-08-18 00:00:00.000000,2019-08-18,0
8021,baseball,271,171,21,2019-08-25 00:00:00.000000,2019-08-25,0
8031,baseball,271,181,21,2019-09-01 00:00:00.000000,2019-09-01,0
8041,baseball,271,191,21,2019-09-08 00:00:00.000000,2019-09-08,0
8051,baseball,271,201,21,2019-09-15 00:00:00.000000,2019-09-15,0
8061,baseball,271,211,21,2019-09-22 00:00:00.000000,2019-09-22,0
8071,baseball,271,221,21,2019-09-29 00:00:00.000000,2019-09-29,0
8081,baseball,271,231,21,2019-10-06 00:00:00.000000,2019-10-06,0
8091,baseball,271,241,21,2019-10-13 00:00:00.000000,2019-10-13,0
8101,baseball,271,251,21,2019-10-20 00:00:00.000000,2019-10-20,0
8111,baseball,271,261,21,2019-10-27 00:00:00.000000,2019-10-27,0
8121,baseball,281,291,11,2019-04-07 00:00:00.000000,2019-04-07,0
8131,baseball,281,1,11,2019-04-21 00:00:00.000000,2019-04-21,0
8141,baseball,281,11,11,2019-04-28 00:00:00.000000,2019-04-28,0
8151,baseball,281,21,11,2019-05-05 00:00:00.000000,2019-05-05,0
8161,baseball,281,31,11,2019-05-12 00:00:00.000000,2019-05-12,0
8171,baseball,281,41,11,2019-05-19 00:00:00.000000,2019-05-19,0
8181,baseball,281,51,11,2019-05-26 00:00:00.000000,2019-05-26,0
8191,baseball,281,61,11,2019-06-02 00:00:00.000000,2019-06-02,0
8201,baseball,281,71,11,2019-06-09 00:00:00.000000,2019-06-09,0
8211,baseball,281,81,11,2019-06-16 00:00:00.000000,2019-06-16,0
8221,baseball,281,91,11,2019-06-23 00:00:00.000000,2019-06-23,0
8231,baseball,281,101,11,2019-06-30 00:00:00.000000,2019-06-30,0
8241,baseball,281,111,11,2019-07-07 00:00:00.000000,2019-07-07,0
8251,baseball,281,121,11,2019-07-14 00:00:00.000000,2019-07-14,0
8261,baseball,281,131,11,2019-07-21 00:00:00.000000,2019-07-21,0
8271,baseball,281,141,11,2019-07-28 00:00:00.000000,2019-07-28,0
8281,baseball,281,151,11,2019-08-04 00:00:00.000000,2019-08-04,0
8291,baseball,281,161,11,2019-08-11 00:00:00.000000,2019-08-11,0
8301,baseball,281,171,11,2019-08-18 00:00:00.000000,2019-08-18,0
8311,baseball,281,181,11,2019-08-25 00:00:00.000000,2019-08-25,0
8321,baseball,281,191,11,2019-09-01 00:00:00.000000,2019-09-01,0
8331,baseball,281,201,11,2019-09-08 00:00:00.000000,2019-09-08,0
8341,baseball,281,211,11,2019-09-15 00:00:00.000000,2019-09-15,0
8351,baseball,281,221,11,2019-09-22 00:00:00.000000,2019-09-22,0
8361,baseball,281,231,11,2019-09-29 00:00:00.000000,2019-09-29,0
8371,baseball,281,241,11,2019-10-06 00:00:00.000000,2019-10-06,0
8381,baseball,281,251,11,2019-10-13 00:00:00.000000,2019-10-13,0
8391,baseball,281,261,11,2019-10-20 00:00:00.000000,2019-10-20,0
8401,baseball,281,271,11,2019-10-27 00:00:00.000000,2019-10-27,0
8411,baseball,291,1,23,2019-04-14 00:00:00.000000,2019-04-14,0
8421,baseball,291,11,23,2019-04-21 00:00:00.000000,2019-04-21,0
8431,baseball,291,21,23,2019-04-28 00:00:00.000000,2019-04-28,0
8441,baseball,291,31,23,2019-05-05 00:00:00.000000,2019-05-05,0
8451,baseball,291,41,23,2019-05-12 00:00:00.000000,2019-05-12,0
8461,baseball,291,51,23,2019-05-19 00:00:00.000000,2019-05-19,0
8471,baseball,291,61,23,2019-05-26 00:00:00.000000,2019-05-26,0
8481,baseball,291,71,23,2019-06-02 00:00:00.000000,2019-06-02,0
8491,baseball,291,81,23,2019-06-09 00:00:00.000000,2019-06-09,0
8501,baseball,291,91,23,2019-06-16 00:00:00.000000,2019-06-16,0
8511,baseball,291,101,23,2019-06-23 00:00:00.000000,2019-06-23,0
8521,baseball,291,111,23,2019-06-30 00:00:00.000000,2019-06-30,0
8531,baseball,291,121,23,2019-07-07 00:00:00.000000,2019-07-07,0
8541,baseball,291,131,23,2019-07-14 00:00:00.000000,2019-07-14,0
8551,baseball,291,141,23,2019-07-21 00:00:00.000000,2019-07-21,0
8561,baseball,291,151,23,2019-07-28 00:00:00.000000,2019-07-28,0
8571,baseball,291,161,23,2019-08-04 00:00:00.000000,2019-08-04,0
8581,baseball,291,171,23,2019-08-11 00:00:00.000000,2019-08-11,0
8591,baseball,291,181,23,2019-08-18 00:00:00.000000,2019-08-18,0
8601,baseball,291,191,23,2019-08-25 00:00:00.000000,2019-08-25,0
8611,baseball,291,201,23,2019-09-01 00:00:00.000000,2019-09-01,0
8621,baseball,291,211,23,2019-09-08 00:00:00.000000,2019-09-08,0
8631,baseball,291,221,23,2019-09-15 00:00:00.000000,2019-09-15,0
8641,baseball,291,231,23,2019-09-22 00:00:00.000000,2019-09-22,0
8651,baseball,291,241,23,2019-09-29 00:00:00.000000,2019-09-29,0
8661,baseball,291,251,23,2019-10-06 00:00:00.000000,2019-10-06,0
8671,baseball,291,261,23,2019-10-13 00:00:00.000000,2019-10-13,0
8681,baseball,291,271,23,2019-10-20 00:00:00.000000,2019-10-20,0
8691,baseball,291,281,23,2019-10-27 00:00:00.000000,2019-10-27,0
8701,football,381,391,42,2019-09-02 16:00:00.000000,2019-09-02,0
8711,football,381,401,42,2019-09-09 17:00:00.000000,2019-09-09,0
8721,football,381,411,42,2019-09-16 16:00:00.000000,2019-09-16,0
8731,football,391,401,58,2019-09-09 16:00:00.000000,2019-09-09,0
8741,football,391,411,58,2019-09-16 14:00:00.000000,2019-09-16,0
8751,football,391,381,58,2019-09-23 18:00:00.000000,2019-09-23,0
8761,football,401,411,54,2019-09-16 18:00:00.000000,2019-09-16,0
8771,football,401,381,54,2019-09-23 13:00:00.000000,2019-09-23,0
8781,football,401,391,54,2019-09-30 17:00:00.000000,2019-09-30,0
8791,football,411,381,32,2019-09-23 15:00:00.000000,2019-09-23,0
8801,football,411,391,32,2019-09-30 19:00:00.000000,2019-09-30,0
8811,football,411,401,32,2019-10-07 18:00:00.000000,2019-10-07,0
8821,football,301,311,44,2019-09-02 19:00:00.000000,2019-09-02,0
8831,football,301,321,44,2019-09-09 18:00:00.000000,2019-09-09,0
8841,football,301,331,44,2019-09-16 18:00:00.000000,2019-09-16,0
8851,football,311,321,57,2019-09-09 19:00:00.000000,2019-09-09,0
8861,football,311,331,57,2019-09-16 16:00:00.000000,2019-09-16,0
8871,football,311,301,57,2019-09-23 19:00:00.000000,2019-09-23,0
8881,football,321,331,51,2019-09-16 16:00:00.000000,2019-09-16,0
8891,football,321,301,51,2019-09-23 17:00:00.000000,2019-09-23,0
8901,football,321,311,51,2019-09-30 17:00:00.000000,2019-09-30,0
8911,football,331,301,49,2019-09-23 17:00:00.000000,2019-09-23,0
8921,football,331,311,49,2019-09-30 19:00:00.000000,2019-09-30,0
8931,football,331,321,49,2019-10-07 15:00:00.000000,2019-10-07,0
8941,football,341,351,41,2019-09-02 17:00:00.000000,2019-09-02,0
8951,football,341,361,41,2019-09-09 12:00:00.000000,2019-09-09,0
8961,football,341,371,41,2019-09-16 12:00:00.000000,2019-09-16,0
8971,football,351,361,53,2019-09-09 16:00:00.000000,2019-09-09,0
8981,football,351,371,53,2019-09-16 12:00:00.000000,2019-09-16,0
8991,football,351,341,53,2019-09-23 19:00:00.000000,2019-09-23,0
9001,football,361,371,52,2019-09-16 13:00:00.000000,2019-09-16,0
9011,football,361,341,52,2019-09-23 16:00:00.000000,2019-09-23,0
9021,football,361,351,52,2019-09-30 17:00:00.000000,2019-09-30,0
9031,football,371,341,47,2019-09-23 18:00:00.000000,2019-09-23,0
9041,football,371,351,47,2019-09-30 13:00:00.000000,2019-09-30,0
9051,football,371,361,47,2019-10-07 19:00:00.000000,2019-10-07,0
9061,football,421,431,38,2019-09-02 16:00:00.000000,2019-09-02,0
9071,football,421,441,38,2019-09-09 19:00:00.000000,2019-09-09,0
9081,football,421,451,38,2019-09-16 13:00:00.000000,2019-09-16,0
9091,football,431,441,37,2019-09-09 14:00:00.000000,2019-09-09,0
9101,football,431,451,37,2019-09-16 14:00:00.000000,2019-09-16,0
9111,football,431,421,37,2019-09-23 12:00:00.000000,2019-09-23,0
9121,football,441,451,62,2019-09-16 12:00:00.000000,2019-09-16,0
9131,football,441,421,62,2019-09-23 14:00:00.000000,2019-09-23,0
9141,football,441,431,62,2019-09-30 19:00:00.000000,2019-09-30,0
9151,football,451,421,45,2019-09-23 19:00:00.000000,2019-09-23,0
9161,football,451,431,45,2019-09-30 13:00:00.000000,2019-09-30,0
9171,football,451,441,45,2019-10-07 16:00:00.000000,2019-10-07,0
9181,football,541,551,36,2019-09-02 18:00:00.000000,2019-09-02,0
9191,football,541,561,36,2019-09-09 18:00:00.000000,2019-09-09,0
9201,football,541,571,36,2019-09-16 13:00:00.000000,2019-09-16,0
9211,football,551,561,32,2019-09-09 16:00:00.000000,2019-09-09,0
9221,football,551,571,32,2019-09-16 15:00:00.000000,2019-09-16,0
9231,football,551,541,32,2019-09-23 12:00:00.000000,2019-09-23,0
9241,football,561,571,46,2019-09-16 12:00:00.000000,2019-09-16,0
9251,football,561,541,46,2019-09-23 13:00:00.000000,2019-09-23,0
9261,football,561,551,46,2019-09-30 12:00:00.000000,2019-09-30,0
9271,football,571,541,34,2019-09-23 12:00:00.000000,2019-09-23,0
9281,football,571,551,34,2019-09-30 18:00:00.000000,2019-09-30,0
9291,football,571,561,34,2019-10-07 12:00:00.000000,2019-10-07,0
9301,football,461,471,61,2019-09-02 12:00:00.000000,2019-09-02,0
9311,football,461,481,61,2019-09-09 19:00:00.000000,2019-09-09,0
9321,football,461,491,61,2019-09-16 17:00:00.000000,2019-09-16,0
9331,football,471,481,59,2019-09-09 17:00:00.000000,2019-09-09,0
9341,football,471,491,59,2019-09-16 17:00:00.000000,2019-09-16,0
9351,football,471,461,59,2019-09-23 18:00:00.000000,2019-09-23,0
9361,football,481,491,35,2019-09-16 16:00:00.000000,2019-09-16,0
9371,football,481,461,35,2019-09-23 14:00:00.000000,2019-09-23,0
9381,football,481,471,35,2019-09-30 18:00:00.000000,2019-09-30,0
9391,football,491,461,55,2019-09-23 18:00:00.000000,2019-09-23,0
9401,football,491,471,55,2019-09-30 17:00:00.000000,2019-09-30,0
9411,football,491,481,55,2019-10-07 12:00:00.000000,2019-10-07,0
9421,football,501,511,43,2019-09-02 18:00:00.000000,2019-09-02,0
9431,football,501,521,43,2019-09-09 18:00:00.000000,2019-09-09,0
9441,football,501,531,43,2019-09-16 15:00:00.000000,2019-09-16,0
9451,football,511,521,39,2019-09-09 18:00:00.000000,2019-09-09,0
9461,football,511,531,39,2019-09-16 17:00:00.000000,2019-09-16,0
9471,football,511,501,39,2019-09-23 16:00:00.000000,2019-09-23,0
9481,football,521,531,40,2019-09-16 14:00:00.000000,2019-09-16,0
9491,football,521,501,40,2019-09-23 16:00:00.000000,2019-09-23,0
9501,football,521,511,40,2019-09-30 14:00:00.000000,2019-09-30,0
9511,football,531,501,56,2019-09-23 15:00:00.000000,2019-09-23,0
9521,football,531,511,56,2019-09-30 13:00:00.000000,2019-09-30,0
9531,football,531,521,56,2019-10-07 18:00:00.000000,2019-10-07,0
9541,football,581,591,60,2019-09-02 16:00:00.000000,2019-09-02,0
9551,football,581,601,60,2019-09-09 13:00:00.000000,2019-09-09,0
9561,football,581,611,60,2019-09-16 12:00:00.000000,2019-09-16,0
9571,football,591,601,31,2019-09-09 17:00:00.000000,2019-09-09,0
9581,football,591,611,31,2019-09-16 14:00:00.000000,2019-09-16,0
9591,football,591,581,31,2019-09-23 18:00:00.000000,2019-09-23,0
9601,football,601,611,48,2019-09-16 18:00:00.000000,2019-09-16,0
9611,football,601,581,48,2019-09-23 14:00:00.000000,2019-09-23,0
9621,football,601,591,48,2019-09-30 18:00:00.000000,2019-09-30,0
9631,football,611,581,50,2019-09-23 15:00:00.000000,2019-09-23,0
9641,football,611,591,50,2019-09-30 19:00:00.000000,2019-09-30,0
9651,football,611,601,50,2019-10-07 16:00:00.000000,2019-10-07,0
9661,football,461,301,61,2019-10-21 14:00:00.000000,2019-10-21,0
9671,football,471,301,59,2019-10-21 14:00:00.000000,2019-10-21,0
9681,football,481,301,35,2019-10-21 14:00:00.000000,2019-10-21,0
9691,football,491,301,55,2019-10-21 14:00:00.000000,2019-10-21,0
9701,football,461,311,61,2019-10-21 14:00:00.000000,2019-10-21,0
9711,football,471,311,59,2019-10-21 14:00:00.000000,2019-10-21,0
9721,football,481,311,35,2019-10-21 14:00:00.000000,2019-10-21,0
9731,football,491,311,55,2019-10-21 14:00:00.000000,2019-10-21,0
9741,football,461,321,61,2019-10-21 14:00:00.000000,2019-10-21,0
9751,football,471,321,59,2019-10-21 14:00:00.000000,2019-10-21,0
9761,football,481,321,35,2019-10-21 14:00:00.000000,2019-10-21,0
9771,football,491,321,55,2019-10-21 14:00:00.000000,2019-10-21,0
9781,football,461,331,61,2019-10-21 14:00:00.000000,2019-10-21,0
9791,football,471,331,59,2019-10-21 14:00:00.000000,2019-10-21,0
9801,football,481,331,35,2019-10-21 14:00:00.000000,2019-10-21,0
9811,football,491,331,55,2019-10-21 14:00:00.000000,2019-10-21,0
9821,football,541,301,36,2019-10-21 14:00:00.000000,2019-10-21,0
9831,football,551,301,32,2019-10-21 14:00:00.000000,2019-10-21,0
9841,football,561,301,46,2019-10-21 14:00:00.000000,2019-10-21,0
9851,football,571,301,34,2019-10-21 14:00:00.000000,2019-10-21,0
9861,football,541,311,36,2019-10-21 14:00:00.000000,2019-10-21,0
9871,football,551,311,32,2019-10-21 14:00:00.000000,2019-10-21,0
9881,football,561,311,46,2019-10-21 14:00:00.000000,2019-10-21,0
9891,football,571,311,34,2019-10-21 14:00:00.000000,2019-10-21,0
9901,football,541,321,36,2019-10-21 14:00:00.000000,2019-10-21,0
9911,football,551,321,32,2019-10-21 14:00:00.000000,2019-10-21,0
9921,football,561,321,46,2019-10-21 14:00:00.000000,2019-10-21,0
9931,football,571,321,34,2019-10-21 14:00:00.000000,2019-10-21,0
9941,football,541,331,36,2019-10-21 14:00:00.000000,2019-10-21,0
9951,football,551,331,32,2019-10-21 14:00:00.000000,2019-10-21,0
9961,football,561,331,46,2019-10-21 14:00:00.000000,2019-10-21,0
9971,football,571,331,34,2019-10-21 14:00:00.000000,2019-10-21,0
9981,football,501,301,43,2019-10-21 14:00:00.000000,2019-10-21,0
9991,football,511,301,39,2019-10-21 14:00:00.000000,2019-10-21,0
10001,football,521,301,40,2019-10-21 14:00:00.000000,2019-10-21,0
10011,football,531,301,56,2019-10-21 14:00:00.000000,2019-10-21,0
10021,football,501,311,43,2019-10-21 14:00:00.000000,2019-10-21,0
10031,football,511,311,39,2019-10-21 14:00:00.000000,2019-10-21,0
10041,football,521,311,40,2019-10-21 14:00:00.000000,2019-10-21,0
10051,football,531,311,56,2019-10-21 14:00:00.000000,2019-10-21,0
10061,football,501,321,43,2019-10-21 14:00:00.000000,2019-10-21,0
10071,football,511,321,39,2019-10-21 14:00:00.000000,2019-10-21,0
10081,football,521,321,40,2019-10-21 14:00:00.000000,2019-10-21,0
10091,football,531,321,56,2019-10-21 14:00:00.000000,2019-10-21,0
10101,football,501,331,43,2019-10-21 14:00:00.000000,2019-10-21,0
10111,football,511,331,39,2019-10-21 14:00:00.000000,2019-10-21,0
10121,football,521,331,40,2019-10-21 14:00:00.000000,2019-10-21,0
10131,football,531,331,56,2019-10-21 14:00:00.000000,2019-10-21,0
10141,football,581,301,60,2019-10-21 14:00:00.000000,2019-10-21,0
10151,football,591,301,31,2019-10-21 14:00:00.000000,2019-10-21,0
10161,football,601,301,48,2019-10-21 14:00:00.000000,2019-10-21,0
10171,football,611,301,50,2019-10-21 14:00:00.000000,2019-10-21,0
10181,football,581,311,60,2019-10-21 14:00:00.000000,2019-10-21,0
10191,football,591,311,31,2019-10-21 14:00:00.000000,2019-10-21,0
10201,football,601,311,48,2019-10-21 14:00:00.000000,2019-10-21,0
10211,football,611,311,50,2019-10-21 14:00:00.000000,2019-10-21,0
10221,football,581,321,60,2019-10-21 14:00:00.000000,2019-10-21,0
10231,football,591,321,31,2019-10-21 14:00:00.000000,2019-10-21,0
10241,football,601,321,48,2019-10-21 14:00:00.000000,2019-10-21,0
10251,football,611,321,50,2019-10-21 14:00:00.000000,2019-10-21,0
10261,football,581,331,60,2019-10-21 14:00:00.000000,2019-10-21,0
10271,football,591,331,31,2019-10-21 14:00:00.000000,2019-10-21,0
10281,football,601,331,48,2019-10-21 14:00:00.000000,2019-10-21,0
10291,football,611,331,50,2019-10-21 14:00:00.000000,2019-10-21,0
10301,football,461,421,61,2019-11-18 17:00:00.000000,2019-11-18,0
10311,football,471,421,59,2019-11-18 17:00:00.000000,2019-11-18,0
10321,football,481,421,35,2019-11-18 17:00:00.000000,2019-11-18,0
10331,football,491,421,55,2019-11-18 17:00:00.000000,2019-11-18,0
10341,football,461,431,61,2019-11-18 17:00:00.000000,2019-11-18,0
10351,football,471,431,59,2019-11-18 17:00:00.000000,2019-11-18,0
10361,football,481,431,35,2019-11-18 17:00:00.000000,2019-11-18,0
10371,football,491,431,55,2019-11-18 17:00:00.000000,2019-11-18,0
10381,football,461,441,61,2019-11-18 17:00:00.000000,2019-11-18,0
10391,football,471,441,59,2019-11-18 17:00:00.000000,2019-11-18,0
10401,football,481,441,35,2019-11-18 17:00:00.000000,2019-11-18,0
10411,football,491,441,55,2019-11-18 17:00:00.000000,2019-11-18,0
10421,football,461,451,61,2019-11-18 17:00:00.000000,2019-11-18,0
10431,football,471,451,59,2019-11-18 17:00:00.000000,2019-11-18,0
10441,football,481,451,35,2019-11-18 17:00:00.000000,2019-11-18,0
10451,football,491,451,55,2019-11-18 17:00:00.000000,2019-11-18,0
10461,football,541,421,36,2019-11-18 17:00:00.000000,2019-11-18,0
10471,football,551,421,32,2019-11-18 17:00:00.000000,2019-11-18,0
10481,football,561,421,46,2019-11-18 17:00:00.000000,2019-11-18,0
10491,football,571,421,34,2019-11-18 17:00:00.000000,2019-11-18,0
10501,football,541,431,36,2019-11-18 17:00:00.000000,2019-11-18,0
10511,football,551,431,32,2019-11-18 17:00:00.000000,2019-11-18,0
10521,football,561,431,46,2019-11-18 17:00:00.000000,2019-11-18,0
10531,football,571,431,34,2019-11-18 17:00:00.000000,2019-11-18,0
10541,football,541,441,36,2019-11-18 17:00:00.000000,2019-11-18,0
10551,football,551,441,32,2019-11-18 17:00:00.000000,2019-11-18,0
10561,football,561,441,46,2019-11-18 17:00:00.000000,2019-11-18,0
10571,football,571,441,34,2019-11-18 17:00:00.000000,2019-11-18,0
10581,football,541,451,36,2019-11-18 17:00:00.000000,2019-11-18,0
10591,football,551,451,32,2019-11-18 17:00:00.000000,2019-11-18,0
10601,football,561,451,46,2019-11-18 17:00:00.000000,2019-11-18,0
10611,football,571,451,34,2019-11-18 17:00:00.000000,2019-11-18,0
10621,football,501,421,43,2019-11-18 17:00:00.000000,2019-11-18,0
10631,football,511,421,39,2019-11-18 17:00:00.000000,2019-11-18,0
10641,football,521,421,40,2019-11-18 17:00:00.000000,2019-11-18,0
10651,football,531,421,56,2019-11-18 17:00:00.000000,2019-11-18,0
10661,football,501,431,43,2019-11-18 17:00:00.000000,2019-11-18,0
10671,football,511,431,39,2019-11-18 17:00:00.000000,2019-11-18,0
10681,football,521,431,40,2019-11-18 17:00:00.000000,2019-11-18,0
10691,football,531,431,56,2019-11-18 17:00:00.000000,2019-11-18,0
10701,football,501,441,43,2019-11-18 17:00:00.000000,2019-11-18,0
10711,football,511,441,39,2019-11-18 17:00:00.000000,2019-11-18,0
10721,football,521,441,40,2019-11-18 17:00:00.000000,2019-11-18,0
10731,football,531,441,56,2019-11-18 17:00:00.000000,2019-11-18,0
10741,football,501,451,43,2019-11-18 17:00:00.000000,2019-11-18,0
10751,football,511,451,39,2019-11-18 17:00:00.000000,2019-11-18,0
10761,football,521,451,40,2019-11-18 17:00:00.000000,2019-11-18,0
10771,football,531,451,56,2019-11-18 17:00:00.000000,2019-11-18,0
10781,football,581,421,60,2019-11-18 17:00:00.000000,2019-11-18,0
10791,football,591,421,31,2019-11-18 17:00:00.000000,2019-11-18,0
10801,football,601,421,48,2019-11-18 17:00:00.000000,2019-11-18,0
10811,football,611,421,50,2019-11-18 17:00:00.000000,2019-11-18,0
10821,football,581,431,60,2019-11-18 17:00:00.000000,2019-11-18,0
10831,football,591,431,31,2019-11-18 17:00:00.000000,2019-11-18,0
10841,football,601,431,48,2019-11-18 17:00:00.000000,2019-11-18,0
10851,football,611,431,50,2019-11-18 17:00:00.000000,2019-11-18,0
10861,football,581,441,60,2019-11-18 17:00:00.000000,2019-11-18,0
10871,football,591,441,31,2019-11-18 17:00:00.000000,2019-11-18,0
10881,football,601,441,48,2019-11-18 17:00:00.000000,2019-11-18,0
10891,football,611,441,50,2019-11-18 17:00:00.000000,2019-11-18,0
10901,football,581,451,60,2019-11-18 17:00:00.000000,2019-11-18,0
10911,football,591,451,31,2019-11-18 17:00:00.000000,2019-11-18,0
10921,football,601,451,48,2019-11-18 17:00:00.000000,2019-11-18,0
10931,football,611,451,50,2019-11-18 17:00:00.000000,2019-11-18,0
10941,football,461,341,61,2019-12-16 19:00:00.000000,2019-12-16,0
10951,football,471,341,59,2019-12-16 19:00:00.000000,2019-12-16,0
10961,football,481,341,35,2019-12-16 19:00:00.000000,2019-12-16,0
10971,football,491,341,55,2019-12-16 19:00:00.000000,2019-12-16,0
10981,football,461,351,61,2019-12-16 19:00:00.000000,2019-12-16,0
10991,football,471,351,59,2019-12-16 19:00:00.000000,2019-12-16,0
11001,football,481,351,35,2019-12-16 19:00:00.000000,2019-12-16,0
11011,football,491,351,55,2019-12-16 19:00:00.000000,2019-12-16,0
11021,football,461,361,61,2019-12-16 19:00:00.000000,2019-12-16,0
11031,football,471,361,59,2019-12-16 19:00:00.000000,2019-12-16,0
11041,football,481,361,35,2019-12-16 19:00:00.000000,2019-12-16,0
11051,football,491,361,55,2019-12-16 19:00:00.000000,2019-12-16,0
11061,football,461,371,61,2019-12-16 19:00:00.000000,2019-12-16,0
11071,football,471,371,59,2019-12-16 19:00:00.000000,2019-12-16,0
11081,football,481,371,35,2019-12-16 19:00:00.000000,2019-12-16,0
11091,football,491,371,55,2019-12-16 19:00:00.000000,2019-12-16,0
11101,football,541,341,36,2019-12-16 19:00:00.000000,2019-12-16,0
11111,football,551,341,32,2019-12-16 19:00:00.000000,2019-12-16,0
11121,football,561,341,46,2019-12-16 19:00:00.000000,2019-12-16,0
11131,football,571,341,34,2019-12-16 19:00:00.000000,2019-12-16,0
11141,football,541,351,36,2019-12-16 19:00:00.000000,2019-12-16,0
11151,football,551,351,32,2019-12-16 19:00:00.000000,2019-12-16,0
11161,football,561,351,46,2019-12-16 19:00:00.000000,2019-12-16,0
11171,football,571,351,34,2019-12-16 19:00:00.000000,2019-12-16,0
11181,football,541,361,36,2019-12-16 19:00:00.000000,2019-12-16,0
11191,football,551,361,32,2019-12-16 19:00:00.000000,2019-12-16,0
11201,football,561,361,46,2019-12-16 19:00:00.000000,2019-12-16,0
11211,football,571,361,34,2019-12-16 19:00:00.000000,2019-12-16,0
11221,football,541,371,36,2019-12-16 19:00:00.000000,2019-12-16,0
11231,football,551,371,32,2019-12-16 19:00:00.000000,2019-12-16,0
11241,football,561,371,46,2019-12-16 19:00:00.000000,2019-12-16,0
11251,football,571,371,34,2019-12-16 19:00:00.000000,2019-12-16,0
11261,football,501,341,43,2019-12-16 19:00:00.000000,2019-12-16,0
11271,football,511,341,39,2019-12-16 19:00:00.000000,2019-12-16,0
11281,football,521,341,40,2019-12-16 19:00:00.000000,2019-12-16,0
11291,football,531,341,56,2019-12-16 19:00:00.000000,2019-12-16,0
11301,football,501,351,43,2019-12-16 19:00:00.000000,2019-12-16,0
11311,football,511,351,39,2019-12-16 19:00:00.000000,2019-12-16,0
11321,football,521,351,40,2019-12-16 19:00:00.000000,2019-12-16,0
11331,football,531,351,56,2019-12-16 19:00:00.000000,2019-12-16,0
11341,football,501,361,43,2019-12-16 19:00:00.000000,2019-12-16,0
11351,football,511,361,39,2019-12-16 19:00:00.000000,2019-12-16,0
11361,football,521,361,40,2019-12-16 19:00:00.000000,2019-12-16,0
11371,football,531,361,56,2019-12-16 19:00:00.000000,2019-12-16,0
11381,football,501,371,43,2019-12-16 19:00:00.000000,2019-12-16,0
11391,football,511,371,39,2019-12-16 19:00:00.000000,2019-12-16,0
11401,football,521,371,40,2019-12-16 19:00:00.000000,2019-12-16,0
11411,football,531,371,56,2019-12-16 19:00:00.000000,2019-12-16,0
11421,football,581,341,60,2019-12-16 19:00:00.000000,2019-12-16,0
11431,football,591,341,31,2019-12-16 19:00:00.000000,2019-12-16,0
11441,football,601,341,48,2019-12-16 19:00:00.000000,2019-12-16,0
11451,football,611,341,50,2019-12-16 19:00:00.000000,2019-12-16,0
11461,football,581,351,60,2019-12-16 19:00:00.000000,2019-12-16,0
11471,football,591,351,31,2019-12-16 19:00:00.000000,2019-12-16,0
11481,football,601,351,48,2019-12-16 19:00:00.000000,2019-12-16,0
11491,football,611,351,50,2019-12-16 19:00:00.000000,2019-12-16,0
11501,football,581,361,60,2019-12-16 19:00:00.000000,2019-12-16,0
11511,football,591,361,31,2019-12-16 19:00:00.000000,2019-12-16,0
11521,football,601,361,48,2019-12-16 19:00:00.000000,2019-12-16,0
11531,football,611,361,50,2019-12-16 19:00:00.000000,2019-12-16,0
11541,football,581,371,60,2019-12-16 19:00:00.000000,2019-12-16,0
11551,football,591,371,31,2019-12-16 19:00:00.000000,2019-12-16,0
11561,football,601,371,48,2019-12-16 19:00:00.000000,2019-12-16,0
11571,football,611,371,50,2019-12-16 19:00:00.000000,2019-12-16,0
